Country,Region,Happiness Score,Economy (GDP per Capita),Health (Life Expectancy),Freedom,Trust (Government Corruption),Generosity,Year
Switzerland,Europe,7.587,1.39651,0.94143,0.66557,0.41978,0.29678,2015
Iceland,Europe,7.561,1.30232,0.94784,0.62877,0.14145,0.4363,2015
Denmark,Europe,7.527,1.32548,0.87464,0.64938,0.48357,0.34139,2015
Norway,Europe,7.522,1.459,0.88521,0.66973,0.36503,0.34699,2015
Canada,North America,7.427,1.32629,0.90563,0.63297,0.32957,0.45811,2015
Finland,Europe,7.406,1.29025,0.88911,0.64169,0.41372,0.23351,2015
Netherlands,Europe,7.378,1.32944,0.89284,0.61576,0.31814,0.4761,2015
Sweden,Europe,7.364,1.33171,0.91087,0.6598,0.43844,0.36262,2015
New Zealand,Australia and New Zealand,7.286,1.25018,0.90837,0.63938,0.42922,0.47501,2015
Australia,Australia and New Zealand,7.284,1.33358,0.93156,0.65124,0.35637,0.43562,2015
Israel,Africa,7.278,1.22857,0.91387,0.41319,0.07785,0.33172,2015
Costa Rica,South America,7.226,0.95578,0.86027,0.63376,0.10583,0.25497,2015
Austria,Europe,7.2,1.33723,0.89042,0.62433,0.18676,0.33088,2015
Mexico,South America,7.187,1.02054,0.81444,0.48181,0.21312,0.14074,2015
United States,North America,7.119,1.39451,0.86179,0.54604,0.1589,0.40105,2015
Brazil,South America,6.983,0.98124,0.69702,0.49049,0.17521,0.14574,2015
Luxembourg,Europe,6.946,1.56391,0.91894,0.61583,0.37798,0.28034,2015
Ireland,Europe,6.94,1.33596,0.89533,0.61777,0.28703,0.45901,2015
Belgium,Europe,6.937,1.30782,0.89667,0.5845,0.2254,0.2225,2015
United Arab Emirates,Africa,6.901,1.42727,0.80925,0.64157,0.38583,0.26428,2015
United Kingdom,Europe,6.867,1.26637,0.90943,0.59625,0.32067,0.51912,2015
Oman,Africa,6.853,1.36011,0.76276,0.63274,0.32524,0.21542,2015
Venezuela,South America,6.81,1.04424,0.72052,0.42908,0.11069,0.05841,2015
Singapore,Asia,6.798,1.52186,1.02525,0.54252,0.4921,0.31105,2015
Panama,South America,6.786,1.06353,0.79661,0.5421,0.0927,0.24434,2015
Germany,Europe,6.75,1.32792,0.89186,0.61477,0.21843,0.28214,2015
Chile,South America,6.67,1.10715,0.85857,0.44132,0.12869,0.33363,2015
Qatar,Africa,6.611,1.69042,0.79733,0.6404,0.52208,0.32573,2015
France,Europe,6.575,1.27778,0.94579,0.55011,0.20646,0.12332,2015
Argentina,South America,6.574,1.05351,0.78723,0.44974,0.08484,0.11451,2015
Czech Republic,Europe,6.505,1.17898,0.84483,0.46364,0.02652,0.10686,2015
Uruguay,South America,6.485,1.06166,0.8116,0.60362,0.24558,0.2324,2015
Colombia,South America,6.477,0.91861,0.69077,0.53466,0.0512,0.18401,2015
Thailand,Asia,6.455,0.9669,0.7385,0.55664,0.03187,0.5763,2015
Saudi Arabia,Africa,6.411,1.39541,0.72025,0.31048,0.32524,0.13706,2015
Spain,Europe,6.329,1.23011,0.95562,0.45951,0.06398,0.18227,2015
Malta,Europe,6.302,1.2074,0.88721,0.60365,0.13586,0.51752,2015
Taiwan,Asia,6.298,1.29098,0.8753,0.3974,0.08129,0.25376,2015
Kuwait,Africa,6.295,1.55422,0.72492,0.55499,0.25609,0.16228,2015
Suriname,South America,6.269,0.99534,0.6082,0.59657,0.13633,0.16991,2015
Trinidad and Tobago,South America,6.168,1.21183,0.61483,0.55884,0.0114,0.31844,2015
El Salvador,South America,6.13,0.76454,0.67737,0.4035,0.11776,0.10692,2015
Guatemala,South America,6.123,0.74553,0.64425,0.57733,0.09472,0.27489,2015
Uzbekistan,Asia,6.003,0.63244,0.59772,0.65821,0.30826,0.22837,2015
Slovakia,Europe,5.995,1.16891,0.78902,0.31751,0.03431,0.16893,2015
Japan,Asia,5.987,1.27074,0.99111,0.49615,0.1806,0.10705,2015
South Korea,Asia,5.984,1.24461,0.96538,0.33208,0.07857,0.18557,2015
Ecuador,South America,5.975,0.86402,0.79075,0.48574,0.1809,0.11541,2015
Bahrain,Africa,5.96,1.32376,0.74716,0.45492,0.306,0.17362,2015
Italy,Europe,5.948,1.25114,0.95446,0.26236,0.02901,0.22823,2015
Bolivia,South America,5.89,0.68133,0.5392,0.57414,0.088,0.20536,2015
Moldova,Europe,5.889,0.59448,0.61826,0.32818,0.01615,0.20951,2015
Paraguay,South America,5.878,0.75985,0.66098,0.53899,0.08242,0.3424,2015
Kazakhstan,Asia,5.855,1.12254,0.64368,0.51649,0.08454,0.11827,2015
Slovenia,Europe,5.848,1.18498,0.87337,0.60855,0.03787,0.25328,2015
Lithuania,Europe,5.833,1.14723,0.73128,0.21342,0.01031,0.02641,2015
Nicaragua,South America,5.828,0.59325,0.74314,0.55475,0.19317,0.27815,2015
Peru,South America,5.824,0.90019,0.73017,0.41496,0.05989,0.14982,2015
Belarus,Europe,5.813,1.03192,0.73608,0.37938,0.1909,0.11046,2015
Poland,Europe,5.791,1.12555,0.77903,0.53122,0.04212,0.16759,2015
Malaysia,Asia,5.77,1.12486,0.72394,0.53024,0.10501,0.33075,2015
Croatia,Europe,5.759,1.08254,0.78805,0.25883,0.0243,0.05444,2015
Libya,Africa,5.754,1.13145,0.7038,0.41668,0.11023,0.18295,2015
Russia,Europe,5.716,1.13764,0.66926,0.36679,0.03005,0.00199,2015
Jamaica,South America,5.709,0.81038,0.68741,0.50442,0.02299,0.2123,2015
North Cyprus,Europe,5.695,1.20806,0.92356,0.49027,0.1428,0.26169,2015
Cyprus,Europe,5.689,1.20813,0.92356,0.40672,0.06146,0.30638,2015
Algeria,Africa,5.605,0.93929,0.61766,0.28579,0.17383,0.07822,2015
Kosovo,Europe,5.589,0.80148,0.63132,0.24749,0.04741,0.2831,2015
Turkmenistan,Europe,5.548,0.95847,0.53886,0.4761,0.30844,0.16979,2015
Mauritius,Africa,5.477,1.00761,0.7095,0.56066,0.07521,0.37744,2015
Hong Kong,Asia,5.474,1.38604,1.01328,0.59608,0.37124,0.39478,2015
Estonia,Europe,5.429,1.15174,0.77361,0.44888,0.15184,0.0868,2015
Indonesia,Asia,5.399,0.82827,0.63793,0.46611,0.0,0.51535,2015
Vietnam,Asia,5.36,0.63216,0.74676,0.59444,0.10441,0.1686,2015
Turkey,Africa,5.332,1.06098,0.73172,0.22815,0.15746,0.12253,2015
Kyrgyzstan,Asia,5.286,0.47428,0.65088,0.43477,0.04232,0.3003,2015
Nigeria,Africa,5.268,0.65435,0.16007,0.34334,0.0403,0.27233,2015
Bhutan,Asia,5.253,0.77042,0.57407,0.53206,0.15445,0.47998,2015
Azerbaijan,Europe,5.212,1.02389,0.64045,0.3703,0.16065,0.07799,2015
Pakistan,Asia,5.194,0.59543,0.51466,0.12102,0.10464,0.33671,2015
Jordan,Africa,5.192,0.90198,0.69639,0.40661,0.14293,0.11053,2015
Montenegro,Europe,5.192,0.97438,0.72521,0.1826,0.14296,0.1614,2015
China,Asia,5.14,0.89012,0.81658,0.51697,0.02781,0.08185,2015
Zambia,Africa,5.129,0.47038,0.29924,0.48827,0.12468,0.19591,2015
Romania,Europe,5.124,1.04345,0.7689,0.35068,0.00649,0.13748,2015
Serbia,Europe,5.123,0.92053,0.74836,0.20107,0.02617,0.19231,2015
Portugal,Europe,5.102,1.15991,0.87519,0.51469,0.01078,0.13719,2015
Latvia,Europe,5.098,1.11312,0.72437,0.29671,0.06332,0.18226,2015
Philippines,Asia,5.073,0.70532,0.58114,0.62545,0.12279,0.24991,2015
Somaliland region,Africa,5.057,0.18847,0.43873,0.46582,0.39928,0.50318,2015
Morocco,Africa,5.013,0.73479,0.60954,0.41691,0.08546,0.07172,2015
Macedonia,Europe,5.007,0.91851,0.73545,0.33457,0.05327,0.22359,2015
Mozambique,Africa,4.971,0.08308,0.09131,0.34037,0.15603,0.22269,2015
Albania,Europe,4.959,0.87867,0.81325,0.35733,0.06413,0.14272,2015
Bosnia and Herzegovina,Europe,4.949,0.83223,0.79081,0.09245,0.00227,0.24808,2015
Lesotho,Africa,4.898,0.37545,0.07612,0.31767,0.12504,0.16388,2015
Dominican Republic,South America,4.885,0.89537,0.66825,0.57672,0.14234,0.21684,2015
Laos,Asia,4.876,0.59066,0.54909,0.59591,0.24249,0.42192,2015
Mongolia,Asia,4.874,0.82819,0.60268,0.43626,0.02666,0.3323,2015
Swaziland,Africa,4.867,0.71206,0.07566,0.30658,0.0306,0.18259,2015
Greece,Europe,4.857,1.15406,0.88213,0.07699,0.01397,0.0,2015
Lebanon,Africa,4.839,1.02564,0.83947,0.33916,0.04582,0.21854,2015
Hungary,Europe,4.8,1.12094,0.75905,0.32112,0.02758,0.128,2015
Honduras,South America,4.788,0.59532,0.6951,0.40148,0.06825,0.23027,2015
Tajikistan,Asia,4.786,0.39047,0.57379,0.47216,0.15072,0.22974,2015
Tunisia,Africa,4.739,0.88113,0.73793,0.26268,0.06358,0.06431,2015
Palestine,Asia,4.715,0.59867,0.66015,0.24499,0.12905,0.11251,2015
Bangladesh,Asia,4.694,0.39753,0.60164,0.4082,0.12569,0.21222,2015
Iran,Africa,4.686,1.0088,0.69805,0.30033,0.05863,0.38086,2015
Ukraine,Europe,4.681,0.79907,0.6739,0.25123,0.02961,0.15275,2015
Iraq,Africa,4.677,0.98549,0.60237,0.0,0.13788,0.17922,2015
South Africa,Africa,4.642,0.92049,0.27688,0.33207,0.08884,0.11973,2015
Ghana,Africa,4.633,0.54558,0.40132,0.42342,0.04355,0.23087,2015
Zimbabwe,Africa,4.61,0.271,0.33475,0.25861,0.08079,0.18987,2015
Liberia,Africa,4.571,0.0712,0.34201,0.28531,0.06232,0.24362,2015
India,Asia,4.565,0.64499,0.51529,0.39786,0.08492,0.26475,2015
Sudan,Africa,4.55,0.52107,0.36878,0.10081,0.1466,0.19062,2015
Haiti,South America,4.518,0.26673,0.38847,0.24425,0.17175,0.46187,2015
Congo (Kinshasa),Africa,4.517,0.0,0.09806,0.22605,0.07625,0.24834,2015
Nepal,Asia,4.514,0.35997,0.56874,0.38282,0.05907,0.32296,2015
Ethiopia,Africa,4.512,0.19073,0.44055,0.4345,0.15048,0.24325,2015
Sierra Leone,Africa,4.507,0.33024,0.0,0.4084,0.08786,0.21488,2015
Mauritania,Africa,4.436,0.45407,0.35874,0.24232,0.17461,0.219,2015
Kenya,Africa,4.419,0.36471,0.41435,0.42215,0.05839,0.37542,2015
Djibouti,Africa,4.369,0.44025,0.36291,0.46074,0.28105,0.18093,2015
Armenia,Asia,4.35,0.76821,0.7299,0.19847,0.039,0.07855,2015
Botswana,Africa,4.332,0.99355,0.04776,0.49495,0.12474,0.10461,2015
Myanmar,Asia,4.307,0.27108,0.48246,0.44017,0.19034,0.79588,2015
Georgia,Asia,4.297,0.7419,0.72926,0.40577,0.38331,0.05547,2015
Malawi,Africa,4.292,0.01604,0.22562,0.43054,0.06977,0.33128,2015
Sri Lanka,Asia,4.271,0.83524,0.70806,0.53726,0.09179,0.40828,2015
Cameroon,Africa,4.252,0.4225,0.23402,0.49309,0.05786,0.20618,2015
Bulgaria,Europe,4.218,1.01216,0.76649,0.30587,0.00872,0.11921,2015
Egypt,Africa,4.194,0.8818,0.61712,0.17288,0.06324,0.11291,2015
Yemen,Africa,4.077,0.54649,0.40064,0.35571,0.07854,0.09131,2015
Angola,Africa,4.033,0.75778,0.16683,0.10384,0.07122,0.12344,2015
Mali,Africa,3.995,0.26074,0.20583,0.38857,0.12352,0.18798,2015
Congo (Brazzaville),Africa,3.989,0.67866,0.31051,0.41466,0.11686,0.12388,2015
Comoros,Africa,3.956,0.23906,0.36315,0.22917,0.199,0.17441,2015
Uganda,Africa,3.931,0.21102,0.33861,0.45727,0.07267,0.29066,2015
Senegal,Africa,3.904,0.36498,0.4354,0.36772,0.10713,0.20843,2015
Gabon,Africa,3.896,1.06024,0.43372,0.31914,0.11091,0.06822,2015
Niger,Africa,3.845,0.0694,0.29707,0.47692,0.15639,0.19387,2015
Cambodia,Asia,3.819,0.46038,0.61114,0.66246,0.07247,0.40359,2015
Tanzania,Africa,3.781,0.2852,0.38215,0.32878,0.05747,0.34377,2015
Madagascar,Africa,3.681,0.20824,0.46721,0.19184,0.08124,0.21333,2015
Central African Republic,Africa,3.678,0.0785,0.06699,0.48879,0.08289,0.23835,2015
Chad,Africa,3.667,0.34193,0.1501,0.23501,0.05269,0.18386,2015
Guinea,Africa,3.656,0.17417,0.24009,0.37725,0.12139,0.28657,2015
Ivory Coast,Africa,3.655,0.46534,0.15185,0.46866,0.17922,0.20165,2015
Burkina Faso,Africa,3.587,0.25812,0.27125,0.39493,0.12832,0.21747,2015
Afghanistan,Asia,3.575,0.31982,0.30335,0.23414,0.09719,0.3651,2015
Rwanda,Africa,3.465,0.22208,0.42864,0.59201,0.55191,0.22628,2015
Benin,Africa,3.34,0.28665,0.3191,0.4845,0.0801,0.1826,2015
Syria,Africa,3.006,0.6632,0.72193,0.15684,0.18906,0.47179,2015
Burundi,Africa,2.905,0.0153,0.22396,0.1185,0.10062,0.19727,2015
Togo,Africa,2.839,0.20868,0.28443,0.36453,0.10731,0.16681,2015
Denmark,Europe,7.526,1.44178,0.79504,0.57941,0.44453,0.36171,2016
Switzerland,Europe,7.509,1.52733,0.86303,0.58557,0.41203,0.28083,2016
Iceland,Europe,7.501,1.42666,0.86733,0.56624,0.14975,0.47678,2016
Norway,Europe,7.498,1.57744,0.79579,0.59609,0.35776,0.37895,2016
Finland,Europe,7.413,1.40598,0.81091,0.57104,0.41004,0.25492,2016
Canada,North America,7.404,1.44015,0.8276,0.5737,0.31329,0.44834,2016
Netherlands,Europe,7.339,1.46468,0.81231,0.55211,0.29927,0.47416,2016
New Zealand,Australia and New Zealand,7.334,1.36066,0.83096,0.58147,0.41904,0.49401,2016
Australia,Australia and New Zealand,7.313,1.44443,0.8512,0.56837,0.32331,0.47407,2016
Sweden,Europe,7.291,1.45181,0.83121,0.58218,0.40867,0.38254,2016
Israel,Africa,7.267,1.33766,0.84917,0.36432,0.08728,0.32288,2016
Austria,Europe,7.119,1.45038,0.80565,0.54355,0.21348,0.32865,2016
United States,North America,7.104,1.50796,0.779,0.48163,0.14868,0.41077,2016
Costa Rica,South America,7.087,1.06879,0.76146,0.55225,0.10547,0.22553,2016
Puerto Rico,South America,7.039,1.35943,0.77758,0.46823,0.12275,0.22202,2016
Germany,Europe,6.994,1.44787,0.81487,0.53466,0.28551,0.30452,2016
Brazil,South America,6.952,1.08754,0.61415,0.40425,0.14166,0.15776,2016
Belgium,Europe,6.929,1.42539,0.81959,0.51354,0.26248,0.2424,2016
Ireland,Europe,6.907,1.48341,0.81455,0.54008,0.29754,0.44963,2016
Luxembourg,Europe,6.871,1.69752,0.84542,0.5487,0.35329,0.27571,2016
Mexico,South America,6.778,1.11508,0.71143,0.37709,0.18355,0.11735,2016
Singapore,Asia,6.739,1.64555,0.94719,0.4877,0.46987,0.32706,2016
United Kingdom,Europe,6.725,1.40283,0.80991,0.50036,0.27399,0.50156,2016
Chile,South America,6.705,1.2167,0.81883,0.37789,0.11451,0.31595,2016
Panama,South America,6.701,1.18306,0.70835,0.48927,0.08423,0.2418,2016
Argentina,South America,6.65,1.15137,0.69711,0.42284,0.07296,0.10989,2016
Czech Republic,Europe,6.596,1.30915,0.76376,0.41418,0.03986,0.09929,2016
United Arab Emirates,Africa,6.573,1.57352,0.72993,0.56215,0.35561,0.26591,2016
Uruguay,South America,6.545,1.18157,0.72183,0.54388,0.21394,0.18056,2016
Malta,Europe,6.488,1.30782,0.80315,0.54994,0.17554,0.56237,2016
Colombia,South America,6.481,1.03032,0.59659,0.44735,0.05399,0.15626,2016
France,Europe,6.478,1.39488,0.83795,0.46562,0.17808,0.1216,2016
Thailand,Asia,6.474,1.0893,0.64915,0.49553,0.02833,0.58696,2016
Saudi Arabia,Africa,6.379,1.48953,0.59267,0.37904,0.30008,0.15457,2016
Taiwan,Asia,6.379,1.39729,0.79565,0.32377,0.0663,0.25495,2016
Qatar,Africa,6.375,1.82427,0.71723,0.56679,0.48049,0.32388,2016
Spain,Europe,6.361,1.34253,0.87896,0.37545,0.06137,0.17665,2016
Algeria,Africa,6.355,1.05266,0.61804,0.21006,0.16157,0.07044,2016
Guatemala,South America,6.324,0.83454,0.54039,0.50379,0.08701,0.28808,2016
Suriname,South America,6.269,1.09686,0.50933,0.52234,0.12692,0.16665,2016
Kuwait,Africa,6.239,1.61714,0.63569,0.43166,0.23669,0.15965,2016
Bahrain,Africa,6.218,1.44024,0.65696,0.47375,0.25772,0.17147,2016
Trinidad and Tobago,South America,6.168,1.32572,0.52608,0.48453,0.01241,0.31935,2016
Venezuela,South America,6.084,1.13367,0.61904,0.19847,0.08304,0.0425,2016
Slovakia,Europe,6.078,1.27973,0.70367,0.23391,0.02947,0.13837,2016
El Salvador,South America,6.068,0.8737,0.596,0.37269,0.10613,0.08877,2016
Malaysia,Asia,6.005,1.25142,0.62366,0.39031,0.09081,0.41474,2016
Nicaragua,South America,5.992,0.69384,0.65213,0.46582,0.16292,0.29773,2016
Uzbekistan,Asia,5.987,0.73591,0.50163,0.60848,0.28333,0.34326,2016
Italy,Europe,5.977,1.35495,0.85102,0.18827,0.02556,0.16684,2016
Ecuador,South America,5.976,0.97306,0.68613,0.4027,0.18037,0.10074,2016
Belize,South America,5.956,0.87616,0.45569,0.51231,0.10771,0.23684,2016
Japan,Asia,5.921,1.38007,0.91491,0.46761,0.18985,0.10224,2016
Kazakhstan,Asia,5.919,1.22943,0.57386,0.4052,0.11132,0.15011,2016
Moldova,Europe,5.897,0.69177,0.52309,0.25202,0.01903,0.19997,2016
Russia,Europe,5.856,1.23228,0.58991,0.32682,0.03586,0.02736,2016
Poland,Europe,5.835,1.24585,0.69058,0.4519,0.055,0.14443,2016
South Korea,Asia,5.835,1.35948,0.88645,0.25168,0.07716,0.18824,2016
Bolivia,South America,5.822,0.79422,0.4697,0.50961,0.07746,0.21698,2016
Lithuania,Europe,5.813,1.2692,0.64674,0.18929,0.0182,0.02025,2016
Belarus,Europe,5.802,1.13062,0.63104,0.29091,0.17457,0.13942,2016
North Cyprus,Europe,5.771,1.31141,0.84142,0.43596,0.16578,0.26322,2016
Slovenia,Europe,5.768,1.29947,0.79151,0.53164,0.03635,0.25738,2016
Peru,South America,5.743,0.99602,0.62994,0.37502,0.05292,0.14527,2016
Turkmenistan,Europe,5.658,1.08017,0.44006,0.37408,0.28467,0.22567,2016
Mauritius,Africa,5.648,1.14372,0.66189,0.46145,0.05203,0.36951,2016
Libya,Africa,5.615,1.06688,0.52304,0.40672,0.10339,0.17087,2016
Latvia,Europe,5.56,1.21788,0.63952,0.27996,0.0889,0.17445,2016
Cyprus,Europe,5.546,1.31857,0.8488,0.29507,0.05228,0.27906,2016
Paraguay,South America,5.538,0.89373,0.58295,0.46235,0.07396,0.25296,2016
Romania,Europe,5.528,1.1697,0.67602,0.36712,0.00679,0.12889,2016
Estonia,Europe,5.517,1.27964,0.68098,0.41511,0.18519,0.08423,2016
Jamaica,South America,5.51,0.89333,0.59469,0.43597,0.04294,0.22245,2016
Croatia,Europe,5.488,1.18649,0.70524,0.23907,0.04002,0.18434,2016
Hong Kong,Asia,5.458,1.5107,0.95277,0.48079,0.31647,0.40097,2016
Somalia,Africa,5.44,0.0,0.11466,0.56778,0.3118,0.27225,2016
Kosovo,Europe,5.401,0.90145,0.54,0.14396,0.06547,0.27992,2016
Turkey,Africa,5.389,1.16492,0.64718,0.23889,0.12348,0.04707,2016
Indonesia,Asia,5.314,0.95104,0.49374,0.39237,0.00322,0.56521,2016
Jordan,Africa,5.303,0.99673,0.60712,0.36023,0.13297,0.14262,2016
Azerbaijan,Europe,5.291,1.12373,0.54504,0.35327,0.17914,0.0564,2016
Philippines,Asia,5.279,0.81217,0.47036,0.54854,0.11757,0.21674,2016
China,Asia,5.245,1.0278,0.73561,0.44012,0.02745,0.04959,2016
Bhutan,Asia,5.196,0.8527,0.49759,0.46074,0.1616,0.48546,2016
Kyrgyzstan,Asia,5.185,0.56044,0.55449,0.40212,0.04762,0.38432,2016
Serbia,Europe,5.177,1.03437,0.6458,0.15718,0.04339,0.20737,2016
Bosnia and Herzegovina,Europe,5.163,0.93383,0.70766,0.09511,0.0,0.29889,2016
Montenegro,Europe,5.161,1.07838,0.63533,0.15111,0.12721,0.17191,2016
Dominican Republic,South America,5.155,1.02787,0.57669,0.52259,0.12372,0.21286,2016
Morocco,Africa,5.151,0.84058,0.59471,0.25646,0.08404,0.04053,2016
Hungary,Europe,5.145,1.24142,0.67608,0.1977,0.04472,0.099,2016
Pakistan,Asia,5.132,0.68816,0.40306,0.14622,0.1388,0.31185,2016
Lebanon,Africa,5.129,1.12268,0.76171,0.26228,0.03061,0.23693,2016
Portugal,Europe,5.123,1.27607,0.79363,0.44727,0.01521,0.11691,2016
Macedonia,Europe,5.121,1.0193,0.64738,0.27668,0.07047,0.23507,2016
Vietnam,Asia,5.061,0.74037,0.66157,0.55954,0.11556,0.25075,2016
Somaliland Region,Africa,5.057,0.25558,0.33108,0.3913,0.36794,0.51479,2016
Tunisia,Africa,5.045,0.97724,0.59577,0.23553,0.0817,0.03936,2016
Greece,Europe,5.033,1.24886,0.80029,0.05822,0.04127,0.0,2016
Tajikistan,Asia,4.996,0.48835,0.53119,0.43408,0.13509,0.25998,2016
Mongolia,Asia,4.907,0.98853,0.55469,0.35972,0.03285,0.34539,2016
Laos,Asia,4.876,0.68042,0.38291,0.52168,0.22423,0.43079,2016
Nigeria,Africa,4.875,0.75216,0.05108,0.27854,0.0305,0.23219,2016
Honduras,South America,4.871,0.69429,0.58383,0.26755,0.06906,0.2044,2016
Iran,Africa,4.813,1.11758,0.64232,0.22544,0.0557,0.38538,2016
Zambia,Africa,4.795,0.61202,0.23573,0.42662,0.11479,0.17866,2016
Nepal,Asia,4.793,0.44626,0.50073,0.37012,0.07008,0.3816,2016
Palestine,Asia,4.754,0.67024,0.56844,0.17744,0.10613,0.11154,2016
Albania,Europe,4.655,0.9553,0.73007,0.31866,0.05301,0.1684,2016
Bangladesh,Asia,4.643,0.54177,0.52989,0.39778,0.12583,0.19132,2016
Sierra Leone,Africa,4.635,0.36485,0.0,0.30685,0.08196,0.23897,2016
Iraq,Africa,4.575,1.07474,0.51076,0.24856,0.13636,0.19589,2016
Namibia,Africa,4.574,0.93287,0.34745,0.48614,0.10398,0.07795,2016
Cameroon,Africa,4.513,0.52497,0.12698,0.42736,0.06126,0.2268,2016
Ethiopia,Africa,4.508,0.29283,0.34578,0.36703,0.1717,0.29522,2016
South Africa,Africa,4.459,1.02416,0.18611,0.42483,0.08415,0.13656,2016
Sri Lanka,Asia,4.415,0.97318,0.62007,0.50817,0.07964,0.46978,2016
India,Asia,4.404,0.74036,0.45091,0.40285,0.08722,0.25028,2016
Myanmar,Asia,4.395,0.34112,0.3988,0.42692,0.20243,0.81971,2016
Egypt,Africa,4.362,0.95395,0.52116,0.18847,0.10393,0.12706,2016
Armenia,Asia,4.36,0.86086,0.64083,0.14037,0.03616,0.07793,2016
Kenya,Africa,4.356,0.52267,0.30147,0.40576,0.06686,0.41328,2016
Ukraine,Europe,4.324,0.87287,0.58628,0.12859,0.01829,0.20363,2016
Ghana,Africa,4.276,0.63107,0.29681,0.40973,0.0326,0.21203,2016
Congo (Kinshasa),Africa,4.272,0.05661,0.188,0.15602,0.06075,0.25458,2016
Georgia,Asia,4.252,0.83792,0.64035,0.32461,0.3188,0.06786,2016
Congo (Brazzaville),Africa,4.236,0.77109,0.28212,0.37938,0.09753,0.12077,2016
Senegal,Africa,4.219,0.44314,0.40457,0.31056,0.11681,0.19103,2016
Bulgaria,Europe,4.217,1.11306,0.67806,0.21219,0.00615,0.12793,2016
Mauritania,Africa,4.201,0.61391,0.28639,0.1268,0.17955,0.22686,2016
Zimbabwe,Africa,4.193,0.35041,0.1595,0.25429,0.08582,0.18503,2016
Malawi,Africa,4.156,0.08709,0.29364,0.4143,0.07564,0.30968,2016
Sudan,Africa,4.139,0.63069,0.29759,0.0,0.10039,0.18077,2016
Gabon,Africa,4.121,1.15851,0.3494,0.28098,0.09314,0.06244,2016
Mali,Africa,4.073,0.31292,0.16347,0.27544,0.13647,0.21064,2016
Haiti,South America,4.028,0.34097,0.27494,0.12072,0.14476,0.47958,2016
Botswana,Africa,3.974,1.09426,0.34752,0.44089,0.10769,0.12425,2016
Comoros,Africa,3.956,0.27509,0.29981,0.15412,0.18437,0.1827,2016
Ivory Coast,Africa,3.916,0.55507,0.04476,0.40663,0.1553,0.20338,2016
Cambodia,Asia,3.907,0.55604,0.42494,0.58852,0.08092,0.40339,2016
Angola,Africa,3.866,0.84731,0.04991,0.00589,0.08434,0.12071,2016
Niger,Africa,3.856,0.1327,0.26162,0.38041,0.17176,0.2097,2016
South Sudan,Africa,3.832,0.39394,0.15781,0.19662,0.13015,0.25899,2016
Chad,Africa,3.763,0.42214,0.03824,0.12807,0.04952,0.18667,2016
Burkina Faso,Africa,3.739,0.31995,0.21297,0.3337,0.12533,0.24353,2016
Uganda,Africa,3.739,0.34719,0.19625,0.43653,0.06442,0.27102,2016
Yemen,Africa,3.724,0.57939,0.31048,0.2287,0.05892,0.09821,2016
Madagascar,Africa,3.695,0.27954,0.37109,0.13684,0.07506,0.2204,2016
Tanzania,Africa,3.666,0.47155,0.357,0.3176,0.05099,0.31472,2016
Liberia,Africa,3.622,0.10706,0.23165,0.25748,0.04852,0.24063,2016
Guinea,Africa,3.607,0.22415,0.18829,0.30953,0.1192,0.29914,2016
Rwanda,Africa,3.515,0.32846,0.31865,0.5432,0.50521,0.23552,2016
Benin,Africa,3.484,0.39499,0.21028,0.39747,0.06681,0.2018,2016
Afghanistan,Asia,3.36,0.38227,0.17344,0.1643,0.07112,0.31268,2016
Togo,Africa,3.303,0.28123,0.24811,0.34678,0.11587,0.17517,2016
Syria,Africa,3.069,0.74719,0.62994,0.06912,0.17233,0.48397,2016
Burundi,Africa,2.905,0.06831,0.15747,0.0432,0.09419,0.2029,2016
Norway,Europe,7.53700017929077,1.61646318435669,0.796666502952576,0.635422587394714,0.315963834524155,0.36201223731041,2017
Denmark,Europe,7.52199983596802,1.48238301277161,0.792565524578094,0.626006722450256,0.40077006816864,0.355280488729477,2017
Iceland,Europe,7.50400018692017,1.480633020401,0.833552122116089,0.627162635326385,0.153526559472084,0.475540220737457,2017
Switzerland,Europe,7.49399995803833,1.56497955322266,0.858131289482117,0.620070576667786,0.367007285356522,0.290549278259277,2017
Finland,Europe,7.4689998626709,1.44357192516327,0.80915766954422,0.617950856685638,0.38261154294014,0.24548277258873,2017
Netherlands,Europe,7.3769998550415,1.50394463539124,0.810696125030518,0.585384488105774,0.282661825418472,0.470489829778671,2017
Canada,North America,7.31599998474121,1.47920441627502,0.83455765247345,0.611100912094116,0.287371516227722,0.435539722442627,2017
New Zealand,Australia and New Zealand,7.31400012969971,1.40570604801178,0.816759705543518,0.614062130451202,0.382816702127457,0.500005125999451,2017
Sweden,Europe,7.28399991989136,1.49438726902008,0.830875158309937,0.612924098968506,0.384398728609085,0.385399252176285,2017
Australia,Australia and New Zealand,7.28399991989136,1.484414935112,0.84388679265976,0.601607382297516,0.301183730363846,0.477699249982834,2017
Israel,Africa,7.21299982070923,1.37538242340088,0.83840399980545,0.405988603830338,0.0852421000599861,0.330082654953003,2017
Costa Rica,South America,7.0789999961853,1.10970628261566,0.759509265422821,0.580131649971008,0.100106589496136,0.214613229036331,2017
Austria,Europe,7.00600004196167,1.48709726333618,0.815328419208527,0.567766189575195,0.221060365438461,0.316472321748734,2017
United States,North America,6.99300003051758,1.54625928401947,0.77428662776947,0.505740523338318,0.135638788342476,0.392578780651093,2017
Ireland,Europe,6.97700023651123,1.53570663928986,0.80978262424469,0.573110342025757,0.29838815331459,0.42785832285881,2017
Germany,Europe,6.95100021362305,1.48792338371277,0.798950731754303,0.562511384487152,0.276731938123703,0.336269170045853,2017
Belgium,Europe,6.89099979400635,1.46378076076508,0.818091869354248,0.539770722389221,0.251343131065369,0.231503337621689,2017
Luxembourg,Europe,6.86299991607666,1.74194359779358,0.845089495182037,0.59662789106369,0.31883442401886,0.283180981874466,2017
United Kingdom,Europe,6.71400022506714,1.44163393974304,0.805335938930511,0.508190035820007,0.265428066253662,0.492774158716202,2017
Chile,South America,6.65199995040894,1.25278460979462,0.819479703903198,0.376895278692245,0.0822879821062088,0.326662421226501,2017
United Arab Emirates,Africa,6.64799976348877,1.62634336948395,0.726798236370087,0.60834527015686,0.324489563703537,0.3609419465065,2017
Brazil,South America,6.63500022888184,1.10735321044922,0.616552352905273,0.437453746795654,0.111092761158943,0.16234989464283,2017
Czech Republic,Europe,6.60900020599365,1.35268235206604,0.754444003105164,0.490946173667908,0.0368729270994663,0.0881067588925362,2017
Argentina,South America,6.59899997711182,1.18529546260834,0.695137083530426,0.494519203901291,0.059739887714386,0.109457060694695,2017
Mexico,South America,6.57800006866455,1.15318381786346,0.709978997707367,0.412730008363724,0.132774114608765,0.120990432798862,2017
Singapore,Asia,6.57200002670288,1.69227766990662,0.949492394924164,0.549840569496155,0.46430778503418,0.345965981483459,2017
Malta,Europe,6.52699995040894,1.34327983856201,0.821944236755371,0.588767051696777,0.153066068887711,0.574730575084686,2017
Uruguay,South America,6.4539999961853,1.21755969524384,0.719216823577881,0.57939225435257,0.178061872720718,0.175096929073334,2017
Guatemala,South America,6.4539999961853,0.872001945972443,0.540239989757538,0.531310617923737,0.0772232785820961,0.283488392829895,2017
Panama,South America,6.4520001411438,1.23374843597412,0.706156134605408,0.550026834011078,0.070983923971653,0.21055693924427,2017
France,Europe,6.44199991226196,1.43092346191406,0.844465851783752,0.470222115516663,0.172502428293228,0.129762306809425,2017
Thailand,Asia,6.42399978637695,1.12786877155304,0.647239029407501,0.580200731754303,0.0316127352416515,0.572123110294342,2017
Taiwan,Asia,6.42199993133545,1.43362653255463,0.793984234333038,0.361466586589813,0.0638292357325554,0.258360475301743,2017
Spain,Europe,6.40299987792969,1.38439786434174,0.888960599899292,0.408781230449677,0.0709140971302986,0.190133571624756,2017
Qatar,Africa,6.375,1.87076568603516,0.710098087787628,0.604130983352661,0.439299255609512,0.330473870038986,2017
Colombia,South America,6.35699987411499,1.07062232494354,0.595027923583984,0.477487415075302,0.0466687418520451,0.149014472961426,2017
Saudi Arabia,Africa,6.3439998626709,1.53062355518341,0.590148329734802,0.449750572443008,0.27343225479126,0.147616013884544,2017
Trinidad and Tobago,South America,6.16800022125244,1.36135590076447,0.519983291625977,0.518630743026733,0.0089648161083459,0.325296461582184,2017
Kuwait,Africa,6.10500001907349,1.63295245170593,0.632105708122253,0.496337592601776,0.215159550309181,0.228289797902107,2017
Slovakia,Europe,6.09800004959106,1.32539355754852,0.712732911109924,0.295817464590073,0.0242108516395092,0.136544480919838,2017
Bahrain,Africa,6.08699989318848,1.48841226100922,0.653133034706116,0.536746919155121,0.257042169570923,0.172668486833572,2017
Malaysia,Asia,6.08400011062622,1.29121541976929,0.618784427642822,0.402264982461929,0.0656007081270218,0.416608929634094,2017
Nicaragua,South America,6.07100009918213,0.737299203872681,0.653095960617065,0.447551846504211,0.130687981843948,0.301674216985703,2017
Ecuador,South America,6.00799989700317,1.00082039833069,0.685636222362518,0.4551981985569,0.140134647488594,0.150112465023994,2017
El Salvador,South America,6.00299978256226,0.909784495830536,0.596018552780151,0.432452529668808,0.0899809598922729,0.0782579854130745,2017
Poland,Europe,5.97300004959106,1.29178786277771,0.699475347995758,0.520342111587524,0.0593078061938286,0.158465966582298,2017
Uzbekistan,Asia,5.97100019454956,0.786441087722778,0.498272627592087,0.658248662948608,0.246528223156929,0.415983647108078,2017
Italy,Europe,5.96400022506714,1.39506661891937,0.853144347667694,0.256450712680817,0.0280280914157629,0.17278964817524,2017
Russia,Europe,5.96299982070923,1.28177809715271,0.547349333763123,0.373783111572266,0.0329628810286522,0.0522638224065304,2017
Belize,South America,5.95599985122681,0.907975316047668,0.450191766023636,0.547509372234344,0.0965810716152191,0.240015640854836,2017
Japan,Asia,5.92000007629395,1.41691517829895,0.913475871086121,0.505625545978546,0.163760736584663,0.12057276815176,2017
Lithuania,Europe,5.90199995040894,1.31458234786987,0.62894994020462,0.234231784939766,0.0118656428530812,0.010164656676352,2017
Algeria,Africa,5.87200021743774,1.09186446666718,0.617584645748138,0.233335807919502,0.146096110343933,0.0694366469979286,2017
Latvia,Europe,5.84999990463257,1.26074862480164,0.638566970825195,0.325707912445068,0.0738427266478539,0.153074786067009,2017
South Korea,Asia,5.83799982070923,1.40167844295502,0.900214076042175,0.257921665906906,0.0632826685905457,0.206674367189407,2017
Moldova,Europe,5.83799982070923,0.728870630264282,0.589465200901031,0.240729048848152,0.0100912861526012,0.208779126405716,2017
Romania,Europe,5.82499980926514,1.21768391132355,0.685158312320709,0.457003742456436,0.00438790069893,0.133519917726517,2017
Bolivia,South America,5.82299995422363,0.833756566047668,0.473630249500275,0.558732926845551,0.0604777261614799,0.22556072473526,2017
Turkmenistan,Europe,5.82200002670288,1.13077676296234,0.437726080417633,0.41827192902565,0.259270340204239,0.24992498755455,2017
Kazakhstan,Asia,5.81899976730347,1.28455626964569,0.606041550636292,0.437454283237457,0.119282886385918,0.201964423060417,2017
North Cyprus,Europe,5.80999994277954,1.3469113111496,0.834647238254547,0.471203625202179,0.155353352427483,0.266845703125,2017
Slovenia,Europe,5.75799989700317,1.3412059545517,0.790828227996826,0.572575807571411,0.0451289787888527,0.242649093270302,2017
Peru,South America,5.71500015258789,1.03522527217865,0.630166113376617,0.450002878904343,0.0470490865409374,0.126819714903831,2017
Mauritius,Africa,5.62900018692017,1.18939554691315,0.638007462024689,0.491247326135635,0.0421815551817417,0.360933750867844,2017
Cyprus,Europe,5.62099981307983,1.35593807697296,0.84471470117569,0.355111539363861,0.0412379764020443,0.271254301071167,2017
Estonia,Europe,5.61100006103516,1.32087934017181,0.695168316364288,0.479131430387497,0.183248922228813,0.0988908112049103,2017
Belarus,Europe,5.56899976730347,1.15655755996704,0.637714266777039,0.295400261878967,0.156313821673393,0.15513750910759,2017
Libya,Africa,5.52500009536743,1.10180306434631,0.520169019699097,0.465733230113983,0.0926102101802826,0.152073666453362,2017
Turkey,Africa,5.5,1.19827437400818,0.637605607509613,0.300740599632263,0.0996715798974037,0.0466930419206619,2017
Paraguay,South America,5.49300003051758,0.932537317276001,0.579250693321228,0.473507791757584,0.091065913438797,0.224150657653809,2017
Hong Kong,Asia,5.47200012207031,1.55167484283447,0.943062424659729,0.490968644618988,0.293933749198914,0.374465793371201,2017
Philippines,Asia,5.42999982833862,0.85769921541214,0.468009054660797,0.585214674472809,0.0993318930268288,0.193513423204422,2017
Serbia,Europe,5.39499998092651,1.06931757926941,0.65078467130661,0.208715528249741,0.0409037806093693,0.220125883817673,2017
Jordan,Africa,5.33599996566772,0.991012394428253,0.604590058326721,0.418421149253845,0.11980327218771,0.172170460224152,2017
Hungary,Europe,5.32399988174438,1.2860119342804,0.687763452529907,0.175863519310951,0.0366369374096394,0.0784016624093056,2017
Jamaica,South America,5.31099987030029,0.925579309463501,0.641022384166718,0.474307239055634,0.0552677810192108,0.233818337321281,2017
Croatia,Europe,5.29300022125244,1.22255623340607,0.701288521289825,0.255772292613983,0.0431031100451946,0.248002976179123,2017
Kosovo,Europe,5.27899980545044,0.951484382152557,0.541452050209045,0.260287940502167,0.0574716180562973,0.319931447505951,2017
China,Asia,5.27299976348877,1.08116579055786,0.741415500640869,0.472787708044052,0.0227942746132612,0.0288068410009146,2017
Pakistan,Asia,5.26900005340576,0.72688353061676,0.402047783136368,0.23521526157856,0.124348066747189,0.315446019172668,2017
Indonesia,Asia,5.26200008392334,0.995538592338562,0.492345720529556,0.443323463201523,0.0153171354904771,0.611704587936401,2017
Venezuela,South America,5.25,1.12843120098114,0.617144227027893,0.153997123241425,0.0644911229610443,0.0650196298956871,2017
Montenegro,Europe,5.23699998855591,1.12112903594971,0.667464673519135,0.194989055395126,0.0881741940975189,0.197911024093628,2017
Morocco,Africa,5.2350001335144,0.878114581108093,0.59771066904068,0.408158332109451,0.0877631828188896,0.0322099551558495,2017
Azerbaijan,Europe,5.23400020599365,1.15360176563263,0.540775775909424,0.398155838251114,0.180987507104874,0.0452693402767181,2017
Dominican Republic,South America,5.23000001907349,1.07937383651733,0.574873745441437,0.55258983373642,0.113945253193378,0.186967849731445,2017
Greece,Europe,5.22700023651123,1.28948748111725,0.810198903083801,0.0957312509417534,0.04328977689147,0.0,2017
Lebanon,Africa,5.22499990463257,1.07498753070831,0.735081076622009,0.288515985012054,0.037513829767704,0.264450758695602,2017
Portugal,Europe,5.19500017166138,1.3151752948761,0.795843541622162,0.498465299606323,0.0158694516867399,0.0951027125120163,2017
Bosnia and Herzegovina,Europe,5.18200016021729,0.982409417629242,0.705186307430267,0.204403176903725,0.0,0.328867495059967,2017
Honduras,South America,5.18100023269653,0.730573117733002,0.582569479942322,0.348079860210419,0.0733454525470734,0.236188873648643,2017
Macedonia,Europe,5.17500019073486,1.06457793712616,0.644948184490204,0.325905978679657,0.0602777935564518,0.25376096367836,2017
Somalia,Africa,5.15100002288818,0.0226431842893362,0.113989137113094,0.602126955986023,0.282410323619843,0.291631311178207,2017
Vietnam,Asia,5.07399988174438,0.788547575473785,0.652168989181519,0.571055591106415,0.0876332372426987,0.234968051314354,2017
Nigeria,Africa,5.07399988174438,0.783756256103516,0.0569157302379608,0.394952565431595,0.0261215660721064,0.230947196483612,2017
Tajikistan,Asia,5.04099988937378,0.524713635444641,0.529235124588013,0.471566706895828,0.146377146244049,0.248997643589973,2017
Bhutan,Asia,5.01100015640259,0.885416388511658,0.495879292488098,0.501537680625916,0.173380389809608,0.474054545164108,2017
Kyrgyzstan,Asia,5.00400018692017,0.596220076084137,0.553457796573639,0.454943388700485,0.0394391790032387,0.42858037352562,2017
Nepal,Asia,4.96199989318848,0.479820191860199,0.504130780696869,0.440305948257446,0.0729755461215973,0.394096165895462,2017
Mongolia,Asia,4.95499992370605,1.02723586559296,0.557783484458923,0.394143968820572,0.0329022891819477,0.338464230298996,2017
South Africa,Africa,4.8289999961853,1.05469870567322,0.187080070376396,0.479246735572815,0.0725094974040985,0.139362379908562,2017
Tunisia,Africa,4.80499982833862,1.00726580619812,0.613212049007416,0.289680689573288,0.0867231488227844,0.0496933571994305,2017
Palestine,Asia,4.77500009536743,0.716249227523804,0.565666973590851,0.25471106171608,0.0892826020717621,0.114173173904419,2017
Egypt,Africa,4.7350001335144,0.989701807498932,0.520187258720398,0.282110154628754,0.114381365478039,0.128631442785263,2017
Bulgaria,Europe,4.71400022506714,1.1614590883255,0.708217680454254,0.289231717586517,0.0110515309497714,0.113177694380283,2017
Sierra Leone,Africa,4.70900011062622,0.36842092871666,0.0055647538974881,0.318697690963745,0.0710951760411263,0.293040901422501,2017
Cameroon,Africa,4.69500017166138,0.564305365085602,0.132892116904259,0.430388748645782,0.0513066314160824,0.236298456788063,2017
Iran,Africa,4.69199991226196,1.15687310695648,0.639333188533783,0.249322608113289,0.048761073499918,0.387242913246155,2017
Albania,Europe,4.64400005340576,0.996192753314972,0.731159746646881,0.381498634815216,0.0398642159998417,0.201312944293022,2017
Bangladesh,Asia,4.60799980163574,0.586682975292206,0.533241033554077,0.478356659412384,0.123717859387398,0.172255352139473,2017
Namibia,Africa,4.57399988174438,0.964434325695038,0.33861181139946,0.520303547382355,0.0931469723582268,0.0771337449550629,2017
Kenya,Africa,4.55299997329712,0.560479462146759,0.309988349676132,0.452763766050339,0.0646413192152977,0.444860309362411,2017
Mozambique,Africa,4.55000019073486,0.234305649995804,0.106654435396194,0.480791091918945,0.179436385631561,0.322228103876114,2017
Myanmar,Asia,4.54500007629395,0.367110550403595,0.397522568702698,0.514492034912109,0.188816204667091,0.838075160980225,2017
Senegal,Africa,4.53499984741211,0.479309022426605,0.409362852573395,0.377922266721725,0.115460447967052,0.183468893170357,2017
Zambia,Africa,4.51399993896484,0.636406779289246,0.257835894823074,0.461603492498398,0.0782135501503944,0.249580144882202,2017
Iraq,Africa,4.49700021743774,1.10271048545837,0.501180469989777,0.288555532693863,0.107215754687786,0.19963726401329,2017
Gabon,Africa,4.46500015258789,1.1982102394104,0.356578588485718,0.312328577041626,0.0760467872023582,0.0437853783369064,2017
Ethiopia,Africa,4.46000003814697,0.339233845472336,0.353409707546234,0.408842742443085,0.165455713868141,0.312650740146637,2017
Sri Lanka,Asia,4.44000005722046,1.00985014438629,0.625130832195282,0.561213254928589,0.0736539661884308,0.490863561630249,2017
Armenia,Asia,4.37599992752075,0.900596737861633,0.637524425983429,0.198303267359734,0.0266744215041399,0.0834880918264389,2017
India,Asia,4.31500005722046,0.792221248149872,0.455427616834641,0.469987004995346,0.0922268852591515,0.231538489460945,2017
Mauritania,Africa,4.29199981689453,0.648457288742065,0.285349279642105,0.0960980430245399,0.136957004666328,0.201870024204254,2017
Congo (Brazzaville),Africa,4.29099988937378,0.808964252471924,0.28995743393898,0.435025870800018,0.0796181336045265,0.120852127671242,2017
Georgia,Asia,4.28599977493286,0.950612664222717,0.649546980857849,0.309410035610199,0.251666635274887,0.0540088154375553,2017
Congo (Kinshasa),Africa,4.28000020980835,0.0921023488044739,0.191407024860382,0.235961347818375,0.0602413564920425,0.246455833315849,2017
Mali,Africa,4.19000005722046,0.476180493831635,0.169365674257278,0.306613743305206,0.104970246553421,0.183354198932648,2017
Ivory Coast,Africa,4.17999982833862,0.603048920631409,0.0486421696841717,0.447706192731857,0.130061775445938,0.201237469911575,2017
Cambodia,Asia,4.16800022125244,0.601765096187592,0.429783403873444,0.633375823497772,0.0681059509515762,0.385922968387604,2017
Sudan,Africa,4.13899993896484,0.65951669216156,0.290920823812485,0.0149958552792668,0.089847519993782,0.182317450642586,2017
Ghana,Africa,4.11999988555908,0.667224824428558,0.295637726783752,0.423026293516159,0.0253363698720932,0.256923943758011,2017
Ukraine,Europe,4.09600019454956,0.89465194940567,0.575903952121735,0.122974775731564,0.0230294708162546,0.270061463117599,2017
Uganda,Africa,4.08099985122681,0.381430715322495,0.217632606625557,0.443185955286026,0.057069718837738,0.325766056776047,2017
Burkina Faso,Africa,4.03200006484985,0.3502277135849,0.215844258666039,0.324367851018906,0.120328105986118,0.250864684581757,2017
Niger,Africa,4.02799987792969,0.161925330758095,0.26850500702858,0.36365869641304,0.138572946190834,0.228673845529556,2017
Malawi,Africa,3.97000002861023,0.233442038297653,0.315089583396912,0.466914653778076,0.0727116540074348,0.287170469760895,2017
Chad,Africa,3.93600010871887,0.438012987375259,0.0411347150802612,0.16234202682972,0.0535818822681904,0.216113850474358,2017
Zimbabwe,Africa,3.875,0.375846534967422,0.196763753890991,0.336384207010269,0.0953753814101219,0.189143493771553,2017
Lesotho,Africa,3.80800008773804,0.521021246910095,0.0,0.390661299228668,0.119094640016556,0.157497271895409,2017
Angola,Africa,3.79500007629395,0.858428180217743,0.0498686656355858,0.0,0.0697203353047371,0.097926490008831,2017
Afghanistan,Asia,3.79399991035461,0.401477217674255,0.180746778845787,0.106179520487785,0.0611578300595284,0.311870932579041,2017
Botswana,Africa,3.76600003242493,1.12209415435791,0.341755509376526,0.505196332931519,0.0985831990838051,0.0993484482169151,2017
Benin,Africa,3.65700006484985,0.431085407733917,0.209930211305618,0.425962775945663,0.0609290152788162,0.207948461174965,2017
Madagascar,Africa,3.64400005340576,0.305808693170547,0.375223308801651,0.189196765422821,0.0672319754958153,0.208732530474663,2017
Haiti,South America,3.6029999256134,0.368610262870789,0.277321130037308,0.0303698573261499,0.0998721495270729,0.489203780889511,2017
Yemen,Africa,3.59299993515015,0.591683447360992,0.310080915689468,0.249463722109795,0.0567674227058887,0.104125209152699,2017
South Sudan,Africa,3.59100008010864,0.39724862575531,0.163486003875732,0.147062435746193,0.116793513298035,0.285670816898346,2017
Liberia,Africa,3.53299999237061,0.119041793048382,0.229918196797371,0.332881182432175,0.0389482490718365,0.26654988527298,2017
Guinea,Africa,3.50699996948242,0.244549930095673,0.194129139184952,0.348587512969971,0.110937617719173,0.264815092086792,2017
Togo,Africa,3.49499988555908,0.305444717407227,0.247105568647385,0.38042613863945,0.0956650152802467,0.196896150708199,2017
Rwanda,Africa,3.47099995613098,0.368745893239975,0.326424807310104,0.581843852996826,0.455220013856888,0.252756029367447,2017
Syria,Africa,3.46199989318848,0.777153134346008,0.50053334236145,0.0815394446253777,0.151347130537033,0.493663728237152,2017
Tanzania,Africa,3.34899997711182,0.511135876178741,0.364509284496307,0.390017777681351,0.0660351067781448,0.354256361722946,2017
Burundi,Africa,2.90499997138977,0.091622568666935,0.151610791683197,0.0599007532000542,0.0841479450464249,0.204435184597969,2017
Central African Republic,Africa,2.69300007820129,0.0,0.0187726859003305,0.270842045545578,0.0565650761127472,0.280876487493515,2017
Finland,Europe,7.632,1.305,0.874,0.681,0.393,0.202,2018
Norway,Europe,7.594,1.456,0.861,0.686,0.34,0.286,2018
Denmark,Europe,7.555,1.351,0.868,0.683,0.408,0.284,2018
Iceland,Europe,7.495,1.343,0.914,0.677,0.138,0.353,2018
Switzerland,Europe,7.487,1.42,0.927,0.66,0.357,0.256,2018
Netherlands,Europe,7.441,1.361,0.878,0.638,0.295,0.333,2018
Canada,North America,7.328,1.33,0.896,0.653,0.291,0.321,2018
New Zealand,Australia and New Zealand,7.324,1.268,0.876,0.669,0.389,0.365,2018
Sweden,Europe,7.314,1.355,0.913,0.659,0.383,0.285,2018
Australia,Australia and New Zealand,7.272,1.34,0.91,0.647,0.302,0.361,2018
United Kingdom,Europe,7.19,1.244,0.888,0.464,0.082,0.262,2018
Austria,Europe,7.139,1.341,0.891,0.617,0.224,0.242,2018
Costa Rica,South America,7.072,1.01,0.817,0.632,0.101,0.143,2018
Ireland,Europe,6.977,1.448,0.876,0.614,0.306,0.307,2018
Germany,Europe,6.965,1.34,0.861,0.586,0.28,0.273,2018
Belgium,Europe,6.927,1.324,0.894,0.583,0.24,0.188,2018
Luxembourg,Europe,6.91,1.576,0.896,0.632,0.321,0.196,2018
United States,North America,6.886,1.398,0.819,0.547,0.133,0.291,2018
Israel,Africa,6.814,1.301,0.883,0.533,0.272,0.354,2018
Czech Republic,Europe,6.711,1.233,0.854,0.543,0.034,0.064,2018
Malta,Europe,6.627,1.27,0.884,0.645,0.142,0.376,2018
France,Europe,6.489,1.293,0.908,0.52,0.176,0.098,2018
Mexico,South America,6.488,1.038,0.761,0.479,0.095,0.069,2018
Chile,South America,6.476,1.131,0.808,0.431,0.061,0.197,2018
Taiwan,Asia,6.441,1.365,0.857,0.418,0.078,0.151,2018
Panama,South America,6.43,1.112,0.759,0.597,0.063,0.125,2018
Brazil,South America,6.419,0.986,0.675,0.493,0.088,0.11,2018
Argentina,South America,6.388,1.073,0.744,0.57,0.054,0.062,2018
Guatemala,South America,6.382,0.781,0.608,0.604,0.071,0.179,2018
Uruguay,South America,6.379,1.093,0.771,0.625,0.155,0.13,2018
Qatar,Africa,6.374,1.649,0.748,0.654,0.171,0.256,2018
Saudi Arabia,Africa,6.371,1.379,0.633,0.509,0.127,0.098,2018
Singapore,Asia,6.343,1.529,1.008,0.631,0.457,0.261,2018
Malaysia,Asia,6.322,1.161,0.669,0.356,0.059,0.311,2018
Spain,Europe,6.31,1.251,0.965,0.449,0.074,0.142,2018
Colombia,South America,6.26,0.96,0.635,0.531,0.039,0.099,2018
Trinidad and Tobago,South America,6.192,1.223,0.564,0.575,0.019,0.171,2018
Slovakia,Europe,6.173,1.21,0.776,0.354,0.014,0.118,2018
El Salvador,South America,6.167,0.806,0.639,0.461,0.082,0.065,2018
Nicaragua,South America,6.141,0.668,0.7,0.527,0.128,0.208,2018
Poland,Europe,6.123,1.176,0.781,0.546,0.064,0.108,2018
Bahrain,Africa,6.105,1.338,0.698,0.594,0.123,0.243,2018
Uzbekistan,Asia,6.096,0.719,0.605,0.724,0.259,0.328,2018
Kuwait,Africa,6.083,1.474,0.675,0.554,0.106,0.167,2018
Thailand,Asia,6.072,1.016,0.707,0.637,0.029,0.364,2018
Italy,Europe,6.0,1.264,0.946,0.281,0.028,0.137,2018
Ecuador,South America,5.973,0.889,0.736,0.556,0.12,0.114,2018
Belize,South America,5.956,0.807,0.474,0.593,0.089,0.183,2018
Lithuania,Europe,5.952,1.197,0.716,0.35,0.006,0.026,2018
Slovenia,Europe,5.948,1.219,0.856,0.633,0.051,0.16,2018
Romania,Europe,5.945,1.116,0.726,0.528,0.001,0.088,2018
Latvia,Europe,5.933,1.148,0.671,0.363,0.066,0.092,2018
Japan,Asia,5.915,1.294,0.988,0.553,0.15,0.079,2018
Mauritius,Africa,5.891,1.09,0.684,0.584,0.05,0.245,2018
Jamaica,South America,5.89,0.819,0.693,0.575,0.031,0.096,2018
South Korea,Asia,5.875,1.266,0.955,0.244,0.051,0.175,2018
Russia,Europe,5.81,1.151,0.599,0.399,0.025,0.065,2018
Kazakhstan,Asia,5.79,1.143,0.631,0.454,0.121,0.148,2018
Cyprus,Europe,5.762,1.229,0.909,0.423,0.035,0.202,2018
Bolivia,South America,5.752,0.751,0.508,0.606,0.054,0.141,2018
Estonia,Europe,5.739,1.2,0.737,0.553,0.174,0.086,2018
Paraguay,South America,5.681,0.835,0.615,0.541,0.074,0.162,2018
Peru,South America,5.663,0.934,0.674,0.53,0.034,0.092,2018
Kosovo,Europe,5.662,0.855,0.578,0.448,0.023,0.274,2018
Moldova,Europe,5.64,0.657,0.62,0.232,0.0,0.171,2018
Turkmenistan,Europe,5.636,1.016,0.517,0.417,0.037,0.199,2018
Hungary,Europe,5.62,1.171,0.732,0.259,0.022,0.061,2018
Libya,Africa,5.566,0.985,0.553,0.496,0.148,0.116,2018
Philippines,Asia,5.524,0.775,0.513,0.643,0.105,0.12,2018
Honduras,South America,5.504,0.62,0.622,0.459,0.074,0.197,2018
Belarus,Europe,5.483,1.039,0.7,0.307,0.154,0.101,2018
Turkey,Africa,5.483,1.148,0.686,0.324,0.109,0.106,2018
Pakistan,Asia,5.472,0.652,0.424,0.334,0.113,0.216,2018
Hong Kong,Asia,5.43,1.405,1.03,0.524,0.291,0.246,2018
Portugal,Europe,5.41,1.188,0.884,0.562,0.017,0.055,2018
Serbia,Europe,5.398,0.975,0.685,0.288,0.043,0.134,2018
Greece,Europe,5.358,1.154,0.879,0.131,0.044,0.0,2018
Lebanon,Africa,5.358,0.965,0.785,0.503,0.136,0.214,2018
Montenegro,Europe,5.347,1.017,0.729,0.259,0.081,0.111,2018
Croatia,Europe,5.321,1.115,0.737,0.38,0.039,0.12,2018
Dominican Republic,South America,5.302,0.982,0.614,0.578,0.106,0.12,2018
Algeria,Africa,5.295,0.979,0.687,0.077,0.135,0.055,2018
Morocco,Africa,5.254,0.779,0.669,0.46,0.074,0.026,2018
China,Asia,5.246,0.989,0.799,0.597,0.103,0.029,2018
Azerbaijan,Europe,5.201,1.024,0.603,0.43,0.176,0.031,2018
Tajikistan,Asia,5.199,0.474,0.598,0.292,0.034,0.187,2018
Macedonia,Europe,5.185,0.959,0.691,0.394,0.052,0.173,2018
Jordan,Africa,5.161,0.822,0.645,0.468,0.134,0.13,2018
Nigeria,Africa,5.155,0.689,0.048,0.462,0.032,0.201,2018
Kyrgyzstan,Asia,5.131,0.53,0.594,0.54,0.035,0.281,2018
Bosnia and Herzegovina,Europe,5.129,0.915,0.758,0.28,0.0,0.216,2018
Mongolia,Asia,5.125,0.914,0.575,0.395,0.032,0.253,2018
Vietnam,Asia,5.103,0.715,0.702,0.618,0.079,0.177,2018
Indonesia,Asia,5.093,0.899,0.522,0.538,0.018,0.484,2018
Bhutan,Asia,5.082,0.796,0.527,0.541,0.171,0.364,2018
Somalia,Africa,4.982,0.0,0.115,0.674,0.282,0.238,2018
Cameroon,Africa,4.975,0.535,0.182,0.454,0.043,0.183,2018
Bulgaria,Europe,4.933,1.054,0.712,0.359,0.009,0.064,2018
Nepal,Asia,4.88,0.425,0.539,0.526,0.078,0.302,2018
Venezuela,South America,4.806,0.996,0.657,0.133,0.052,0.056,2018
Gabon,Africa,4.758,1.036,0.404,0.356,0.052,0.032,2018
Palestine,Asia,4.743,0.642,0.602,0.266,0.076,0.086,2018
South Africa,Africa,4.724,0.94,0.33,0.516,0.056,0.103,2018
Iran,Africa,4.707,1.059,0.691,0.459,0.129,0.282,2018
Ivory Coast,Africa,4.671,0.541,0.08,0.467,0.103,0.146,2018
Ghana,Africa,4.657,0.592,0.337,0.499,0.029,0.212,2018
Senegal,Africa,4.631,0.429,0.433,0.406,0.082,0.138,2018
Laos,Asia,4.623,0.72,0.441,0.626,0.174,0.23,2018
Tunisia,Africa,4.592,0.9,0.69,0.271,0.063,0.04,2018
Albania,Europe,4.586,0.916,0.79,0.419,0.032,0.149,2018
Sierra Leone,Africa,4.571,0.256,0.0,0.355,0.053,0.238,2018
Congo (Brazzaville),Africa,4.559,0.682,0.343,0.514,0.077,0.091,2018
Bangladesh,Asia,4.5,0.532,0.579,0.58,0.144,0.153,2018
Sri Lanka,Asia,4.471,0.918,0.672,0.585,0.05,0.307,2018
Iraq,Africa,4.456,1.01,0.536,0.304,0.095,0.148,2018
Mali,Africa,4.447,0.37,0.152,0.367,0.056,0.139,2018
Namibia,Africa,4.441,0.874,0.365,0.519,0.064,0.051,2018
Cambodia,Asia,4.433,0.549,0.457,0.696,0.065,0.256,2018
Burkina Faso,Africa,4.424,0.314,0.254,0.312,0.128,0.175,2018
Egypt,Africa,4.419,0.885,0.553,0.312,0.107,0.092,2018
Mozambique,Africa,4.417,0.198,0.173,0.531,0.158,0.206,2018
Kenya,Africa,4.41,0.493,0.454,0.504,0.055,0.352,2018
Zambia,Africa,4.377,0.562,0.295,0.503,0.082,0.221,2018
Mauritania,Africa,4.356,0.557,0.292,0.129,0.093,0.134,2018
Ethiopia,Africa,4.35,0.308,0.391,0.452,0.146,0.22,2018
Georgia,Asia,4.34,0.853,0.643,0.375,0.215,0.038,2018
Armenia,Asia,4.321,0.816,0.666,0.26,0.028,0.077,2018
Myanmar,Asia,4.308,0.682,0.429,0.58,0.178,0.598,2018
Chad,Africa,4.301,0.358,0.053,0.189,0.06,0.181,2018
Congo (Kinshasa),Africa,4.245,0.069,0.204,0.312,0.052,0.197,2018
India,Asia,4.19,0.721,0.485,0.539,0.093,0.172,2018
Niger,Africa,4.166,0.131,0.221,0.39,0.099,0.175,2018
Uganda,Africa,4.161,0.322,0.237,0.45,0.061,0.259,2018
Benin,Africa,4.141,0.378,0.24,0.44,0.067,0.163,2018
Sudan,Africa,4.139,0.605,0.312,0.016,0.082,0.134,2018
Ukraine,Europe,4.103,0.793,0.609,0.163,0.011,0.187,2018
Togo,Africa,3.999,0.259,0.253,0.434,0.101,0.158,2018
Guinea,Africa,3.964,0.344,0.211,0.394,0.094,0.185,2018
Lesotho,Africa,3.808,0.472,0.079,0.423,0.112,0.116,2018
Angola,Africa,3.795,0.73,0.269,0.0,0.061,0.079,2018
Madagascar,Africa,3.774,0.262,0.402,0.221,0.049,0.155,2018
Zimbabwe,Africa,3.692,0.357,0.248,0.406,0.099,0.132,2018
Afghanistan,Asia,3.632,0.332,0.255,0.085,0.036,0.191,2018
Botswana,Africa,3.59,1.017,0.417,0.557,0.092,0.042,2018
Malawi,Africa,3.587,0.186,0.306,0.531,0.08,0.21,2018
Haiti,South America,3.582,0.315,0.289,0.025,0.104,0.392,2018
Liberia,Africa,3.495,0.076,0.267,0.419,0.03,0.206,2018
Syria,Africa,3.462,0.689,0.539,0.088,0.144,0.376,2018
Rwanda,Africa,3.408,0.332,0.4,0.636,0.444,0.2,2018
Yemen,Africa,3.355,0.442,0.343,0.244,0.064,0.083,2018
Tanzania,Africa,3.303,0.455,0.381,0.481,0.097,0.27,2018
South Sudan,Africa,3.254,0.337,0.177,0.112,0.106,0.224,2018
Central African Republic,Africa,3.083,0.024,0.01,0.305,0.038,0.218,2018
Burundi,Africa,2.905,0.091,0.145,0.065,0.076,0.149,2018
Finland,Europe,7.769,1.34,0.986,0.596,0.393,0.153,2019
Denmark,Europe,7.6,1.383,0.996,0.592,0.41,0.252,2019
Norway,Europe,7.554,1.488,1.028,0.603,0.341,0.271,2019
Iceland,Europe,7.494,1.38,1.026,0.591,0.118,0.354,2019
Netherlands,Europe,7.488,1.396,0.999,0.557,0.298,0.322,2019
Switzerland,Europe,7.48,1.452,1.052,0.572,0.343,0.263,2019
Sweden,Europe,7.343,1.387,1.009,0.574,0.373,0.267,2019
New Zealand,Australia and New Zealand,7.307,1.303,1.026,0.585,0.38,0.33,2019
Canada,North America,7.278,1.365,1.039,0.584,0.308,0.285,2019
Austria,Europe,7.246,1.376,1.016,0.532,0.226,0.244,2019
Australia,Australia and New Zealand,7.228,1.372,1.036,0.557,0.29,0.332,2019
Costa Rica,South America,7.167,1.034,0.963,0.558,0.093,0.144,2019
Israel,Africa,7.139,1.276,1.029,0.371,0.082,0.261,2019
Luxembourg,Europe,7.09,1.609,1.012,0.526,0.316,0.194,2019
United Kingdom,Europe,7.054,1.333,0.996,0.45,0.278,0.348,2019
Ireland,Europe,7.021,1.499,0.999,0.516,0.31,0.298,2019
Germany,Europe,6.985,1.373,0.987,0.495,0.265,0.261,2019
Belgium,Europe,6.923,1.356,0.986,0.473,0.21,0.16,2019
United States,North America,6.892,1.433,0.874,0.454,0.128,0.28,2019
Czech Republic,Europe,6.852,1.269,0.92,0.457,0.036,0.046,2019
United Arab Emirates,Africa,6.825,1.503,0.825,0.598,0.182,0.262,2019
Malta,Europe,6.726,1.3,0.999,0.564,0.151,0.375,2019
Mexico,South America,6.595,1.07,0.861,0.433,0.073,0.074,2019
France,Europe,6.592,1.324,1.045,0.436,0.183,0.111,2019
Taiwan,Asia,6.446,1.368,0.914,0.351,0.097,0.242,2019
Chile,South America,6.444,1.159,0.92,0.357,0.056,0.187,2019
Guatemala,South America,6.436,0.8,0.746,0.535,0.078,0.175,2019
Saudi Arabia,Africa,6.375,1.403,0.795,0.439,0.132,0.08,2019
Qatar,Africa,6.374,1.684,0.871,0.555,0.167,0.22,2019
Spain,Europe,6.354,1.286,1.062,0.362,0.079,0.153,2019
Panama,South America,6.321,1.149,0.91,0.516,0.054,0.109,2019
Brazil,South America,6.3,1.004,0.802,0.39,0.086,0.099,2019
Uruguay,South America,6.293,1.124,0.891,0.523,0.15,0.127,2019
Singapore,Asia,6.262,1.572,1.141,0.556,0.453,0.271,2019
El Salvador,South America,6.253,0.794,0.789,0.43,0.074,0.093,2019
Italy,Europe,6.223,1.294,1.039,0.231,0.03,0.158,2019
Bahrain,Africa,6.199,1.362,0.871,0.536,0.11,0.255,2019
Slovakia,Europe,6.198,1.246,0.881,0.334,0.014,0.121,2019
Trinidad and Tobago,South America,6.192,1.231,0.713,0.489,0.016,0.185,2019
Poland,Europe,6.182,1.206,0.884,0.483,0.05,0.117,2019
Uzbekistan,Asia,6.174,0.745,0.756,0.631,0.24,0.322,2019
Lithuania,Europe,6.149,1.238,0.818,0.291,0.042,0.043,2019
Colombia,South America,6.125,0.985,0.841,0.47,0.034,0.099,2019
Slovenia,Europe,6.118,1.258,0.953,0.564,0.057,0.144,2019
Nicaragua,South America,6.105,0.694,0.835,0.435,0.127,0.2,2019
Kosovo,Europe,6.1,0.882,0.758,0.489,0.006,0.262,2019
Argentina,South America,6.086,1.092,0.881,0.471,0.05,0.066,2019
Romania,Europe,6.07,1.162,0.825,0.462,0.005,0.083,2019
Cyprus,Europe,6.046,1.263,1.042,0.406,0.041,0.19,2019
Ecuador,South America,6.028,0.912,0.868,0.498,0.087,0.126,2019
Kuwait,Africa,6.021,1.5,0.808,0.493,0.097,0.142,2019
Thailand,Asia,6.008,1.05,0.828,0.557,0.028,0.359,2019
Latvia,Europe,5.94,1.187,0.812,0.264,0.064,0.075,2019
South Korea,Asia,5.895,1.301,1.036,0.159,0.056,0.175,2019
Estonia,Europe,5.893,1.237,0.874,0.495,0.161,0.103,2019
Jamaica,South America,5.89,0.831,0.831,0.49,0.028,0.107,2019
Mauritius,Africa,5.888,1.12,0.798,0.498,0.06,0.215,2019
Japan,Asia,5.886,1.327,1.088,0.445,0.14,0.069,2019
Honduras,South America,5.86,0.642,0.828,0.507,0.078,0.246,2019
Kazakhstan,Asia,5.809,1.173,0.729,0.41,0.096,0.146,2019
Bolivia,South America,5.779,0.776,0.706,0.511,0.064,0.137,2019
Hungary,Europe,5.758,1.201,0.828,0.199,0.02,0.081,2019
Paraguay,South America,5.743,0.855,0.777,0.514,0.08,0.184,2019
Peru,South America,5.697,0.96,0.854,0.455,0.027,0.083,2019
Portugal,Europe,5.693,1.221,0.999,0.508,0.025,0.047,2019
Pakistan,Asia,5.653,0.677,0.535,0.313,0.098,0.22,2019
Russia,Europe,5.648,1.183,0.726,0.334,0.031,0.082,2019
Philippines,Asia,5.631,0.807,0.657,0.558,0.107,0.117,2019
Serbia,Europe,5.603,1.004,0.854,0.282,0.039,0.137,2019
Moldova,Europe,5.529,0.685,0.739,0.245,0.0,0.181,2019
Libya,Africa,5.525,1.044,0.673,0.416,0.152,0.133,2019
Montenegro,Europe,5.523,1.051,0.871,0.197,0.08,0.142,2019
Tajikistan,Asia,5.467,0.493,0.718,0.389,0.144,0.23,2019
Croatia,Europe,5.432,1.155,0.914,0.296,0.022,0.119,2019
Hong Kong,Asia,5.43,1.438,1.122,0.44,0.287,0.258,2019
Dominican Republic,South America,5.425,1.015,0.779,0.497,0.101,0.113,2019
Bosnia and Herzegovina,Europe,5.386,0.945,0.845,0.212,0.006,0.263,2019
Turkey,Africa,5.373,1.183,0.808,0.195,0.106,0.083,2019
Malaysia,Asia,5.339,1.221,0.828,0.508,0.024,0.26,2019
Belarus,Europe,5.323,1.067,0.789,0.235,0.142,0.094,2019
Greece,Europe,5.287,1.181,0.999,0.067,0.034,0.0,2019
Mongolia,Asia,5.285,0.948,0.667,0.317,0.038,0.235,2019
Macedonia,Europe,5.274,0.983,0.838,0.345,0.034,0.185,2019
Nigeria,Africa,5.265,0.696,0.245,0.426,0.041,0.215,2019
Kyrgyzstan,Asia,5.261,0.551,0.723,0.508,0.023,0.3,2019
Turkmenistan,Europe,5.247,1.052,0.657,0.394,0.028,0.244,2019
Algeria,Africa,5.211,1.002,0.785,0.086,0.114,0.073,2019
Morocco,Africa,5.208,0.801,0.782,0.418,0.076,0.036,2019
Azerbaijan,Europe,5.208,1.043,0.769,0.351,0.182,0.035,2019
Lebanon,Africa,5.197,0.987,0.815,0.216,0.027,0.166,2019
Indonesia,Asia,5.192,0.931,0.66,0.491,0.028,0.498,2019
China,Asia,5.191,1.029,0.893,0.521,0.1,0.058,2019
Vietnam,Asia,5.175,0.741,0.851,0.543,0.073,0.147,2019
Bhutan,Asia,5.082,0.813,0.604,0.457,0.167,0.37,2019
Cameroon,Africa,5.044,0.549,0.331,0.381,0.037,0.187,2019
Bulgaria,Europe,5.011,1.092,0.815,0.311,0.004,0.081,2019
Ghana,Africa,4.996,0.611,0.486,0.381,0.04,0.245,2019
Ivory Coast,Africa,4.944,0.569,0.232,0.352,0.09,0.154,2019
Nepal,Asia,4.913,0.446,0.677,0.439,0.089,0.285,2019
Jordan,Africa,4.906,0.837,0.815,0.383,0.13,0.11,2019
Benin,Africa,4.883,0.393,0.397,0.349,0.082,0.175,2019
Congo (Brazzaville),Africa,4.812,0.673,0.508,0.372,0.093,0.105,2019
Gabon,Africa,4.799,1.057,0.571,0.295,0.055,0.043,2019
Laos,Asia,4.796,0.764,0.551,0.547,0.164,0.266,2019
South Africa,Africa,4.722,0.96,0.469,0.389,0.055,0.13,2019
Albania,Europe,4.719,0.947,0.874,0.383,0.027,0.178,2019
Venezuela,South America,4.707,0.96,0.805,0.154,0.047,0.064,2019
Cambodia,Asia,4.7,0.574,0.637,0.609,0.062,0.232,2019
Palestine,Asia,4.696,0.657,0.672,0.225,0.066,0.103,2019
Senegal,Africa,4.681,0.45,0.571,0.292,0.072,0.153,2019
Somalia,Africa,4.668,0.0,0.268,0.559,0.27,0.243,2019
Namibia,Africa,4.639,0.879,0.477,0.401,0.056,0.07,2019
Niger,Africa,4.628,0.138,0.366,0.318,0.102,0.188,2019
Burkina Faso,Africa,4.587,0.331,0.38,0.255,0.113,0.177,2019
Armenia,Asia,4.559,0.85,0.815,0.283,0.064,0.095,2019
Iran,Africa,4.548,1.1,0.785,0.305,0.125,0.27,2019
Guinea,Africa,4.534,0.38,0.375,0.332,0.086,0.207,2019
Georgia,Asia,4.519,0.886,0.752,0.346,0.164,0.043,2019
Gambia,Africa,4.516,0.308,0.428,0.382,0.167,0.269,2019
Kenya,Africa,4.509,0.512,0.581,0.431,0.053,0.372,2019
Mauritania,Africa,4.49,0.57,0.489,0.066,0.088,0.106,2019
Mozambique,Africa,4.466,0.204,0.39,0.494,0.138,0.197,2019
Tunisia,Africa,4.461,0.921,0.815,0.167,0.055,0.059,2019
Bangladesh,Asia,4.456,0.562,0.723,0.527,0.143,0.166,2019
Iraq,Africa,4.437,1.043,0.574,0.241,0.089,0.148,2019
Congo (Kinshasa),Africa,4.418,0.094,0.357,0.269,0.053,0.212,2019
Mali,Africa,4.39,0.385,0.308,0.327,0.052,0.153,2019
Sierra Leone,Africa,4.374,0.268,0.242,0.309,0.045,0.252,2019
Sri Lanka,Asia,4.366,0.949,0.831,0.47,0.047,0.244,2019
Myanmar,Asia,4.36,0.71,0.555,0.525,0.172,0.566,2019
Chad,Africa,4.35,0.35,0.192,0.174,0.078,0.198,2019
Ukraine,Europe,4.332,0.82,0.739,0.178,0.01,0.187,2019
Ethiopia,Africa,4.286,0.336,0.532,0.344,0.1,0.209,2019
Swaziland,Africa,4.212,0.811,0.0,0.313,0.135,0.074,2019
Uganda,Africa,4.189,0.332,0.443,0.356,0.06,0.252,2019
Egypt,Africa,4.166,0.913,0.644,0.241,0.067,0.076,2019
Zambia,Africa,4.107,0.578,0.426,0.431,0.087,0.247,2019
Togo,Africa,4.085,0.275,0.41,0.293,0.085,0.177,2019
India,Asia,4.015,0.755,0.588,0.498,0.085,0.2,2019
Liberia,Africa,3.975,0.073,0.443,0.37,0.033,0.233,2019
Comoros,Africa,3.973,0.274,0.505,0.142,0.078,0.275,2019
Madagascar,Africa,3.933,0.274,0.555,0.148,0.041,0.169,2019
Lesotho,Africa,3.802,0.489,0.168,0.359,0.093,0.107,2019
Burundi,Africa,3.775,0.046,0.38,0.22,0.18,0.176,2019
Zimbabwe,Africa,3.663,0.366,0.433,0.361,0.089,0.151,2019
Haiti,South America,3.597,0.323,0.449,0.026,0.11,0.419,2019
Botswana,Africa,3.488,1.041,0.538,0.455,0.1,0.025,2019
Syria,Africa,3.462,0.619,0.44,0.013,0.141,0.331,2019
Malawi,Africa,3.41,0.191,0.495,0.443,0.089,0.218,2019
Yemen,Africa,3.38,0.287,0.463,0.143,0.077,0.108,2019
Rwanda,Africa,3.334,0.359,0.614,0.555,0.411,0.217,2019
Tanzania,Africa,3.231,0.476,0.499,0.417,0.147,0.276,2019
Afghanistan,Asia,3.203,0.35,0.361,0.0,0.025,0.158,2019
Central African Republic,Africa,3.083,0.026,0.105,0.225,0.035,0.235,2019
South Sudan,Africa,2.853,0.306,0.295,0.01,0.091,0.202,2019
Finland,Europe,7.808700085,1.285189509,0.961271405,0.66231674,0.477857262,0.159670442,2020
Denmark,Europe,7.645599842,1.326948524,0.979332566,0.665039897,0.495260328,0.242793396,2020
Switzerland,Europe,7.559899807,1.39077425,1.040533185,0.62895447,0.407945901,0.269055754,2020
Iceland,Europe,7.504499912,1.326501608,1.000843406,0.661980748,0.144540772,0.362330228,2020
Norway,Europe,7.487999916,1.42420733,1.008071899,0.670200884,0.434100568,0.287985086,2020
Netherlands,Europe,7.448900223,1.338946342,0.975675344,0.61362648,0.368569762,0.336317569,2020
Sweden,Europe,7.353499889,1.322235227,0.986470461,0.650297701,0.442066371,0.272827893,2020
New Zealand,North America,7.299600124,1.242317915,1.008138299,0.646789908,0.461268276,0.325726211,2020
Austria,Europe,7.294199944,1.317285538,1.000933528,0.603368878,0.281256139,0.255509764,2020
Luxembourg,Europe,7.237500191,1.536676049,0.986442685,0.610137045,0.367041469,0.19595392,2020
Canada,North America,7.23210001,1.301647663,1.022501945,0.644028127,0.351701856,0.28152892,2020
Australia,Australia and New Zealand,7.222799778,1.310396433,1.022607684,0.621877193,0.335996419,0.324973613,2020
United Kingdom,Europe,7.164500237,1.273061037,0.97570008,0.525168657,0.322601646,0.373433441,2020
Israel,Africa,7.128600121,1.216463685,1.008052945,0.420699477,0.09989845,0.266861796,2020
Costa Rica,South America,7.121399879,0.981107712,0.939635336,0.645017743,0.096362092,0.131266311,2020
Ireland,Europe,7.093699932,1.446886778,0.975670695,0.587779939,0.373433262,0.295426995,2020
Germany,Europe,7.075799942,1.314184546,0.972114801,0.564274132,0.309362292,0.252037704,2020
United States,North America,6.939599991,1.37398684,0.831618011,0.534608245,0.152284741,0.298143059,2020
Czech Republic,Europe,6.910900116,1.212322354,0.89456445,0.505744576,0.049803223,0.046325929,2020
Belgium,Europe,6.863500118,1.295842767,0.964901149,0.499805421,0.208724052,0.146966159,2020
United Arab Emirates,Africa,6.790800095,1.431086421,0.787814438,0.652936101,0.220213518,0.28065598,2020
Malta,Europe,6.772799969,1.252513289,0.972042024,0.633239031,0.178864077,0.341180831,2020
France,Europe,6.663799763,1.268129349,1.029714227,0.514050901,0.227303237,0.112607703,2020
Mexico,South America,6.465000153,1.024387479,0.831601024,0.553892553,0.083133668,0.083094485,2020
Taiwan,Asia,6.45539999,1.327470541,0.878437996,0.449404389,0.131516352,0.150598705,2020
Uruguay,South America,6.440100193,1.071000457,0.856928885,0.59426707,0.193425074,0.132143691,2020
Saudi Arabia,Africa,6.406499863,1.334328532,0.759818137,0.548477471,0.163322315,0.087440684,2020
Spain,Europe,6.400899887,1.230535269,1.051343083,0.425983816,0.109579779,0.16530548,2020
Guatemala,South America,6.398900032,0.753815711,0.705952585,0.613146722,0.0983603,0.170611665,2020
Italy,Europe,6.38740015,1.236396074,1.022504926,0.321305573,0.040145598,0.170266211,2020
Singapore,Asia,6.377099991,1.519580126,1.137814283,0.635317206,0.533162236,0.218770906,2020
Brazil,South America,6.375599861,0.952679873,0.766119063,0.483292729,0.106518604,0.131674588,2020
Slovenia,Europe,6.363399982,1.208652496,0.932548046,0.646700144,0.076516323,0.145701498,2020
El Salvador,South America,6.34829998,0.748940408,0.752730012,0.524043918,0.117030352,0.1189363,2020
Kosovo,Europe,6.325200081,0.840481341,0.672709167,0.557280421,0.008559024,0.325286865,2020
Panama,South America,6.304800034,1.097667813,0.878546536,0.57984978,0.054230526,0.097207308,2020
Slovakia,Europe,6.280600071,1.194837689,0.853465259,0.423542529,0.011291441,0.116729774,2020
Uzbekistan,Asia,6.257599831,0.696652949,0.716703713,0.693270326,0.280260265,0.363311023,2020
Chile,South America,6.228499889,1.096992493,0.889260828,0.417482227,0.06284935,0.155579001,2020
Bahrain,Africa,6.227300167,1.296692252,0.838836372,0.610399902,0.126697257,0.287453711,2020
Lithuania,Europe,6.215499878,1.193559647,0.795421183,0.42046079,0.081350274,0.053691041,2020
Trinidad and Tobago,South America,6.191899776,1.167641521,0.658828557,0.55293113,0.015078396,0.199358255,2020
Poland,Europe,6.186299801,1.16922915,0.868038476,0.557903528,0.160541251,0.063374244,2020
Colombia,South America,6.163400173,0.93220371,0.810020149,0.526890039,0.04584837,0.092374094,2020
Cyprus,Europe,6.15899992,1.21279943,1.026124597,0.459385872,0.051207144,0.227932334,2020
Nicaragua,South America,6.13710022,0.620033145,0.803093255,0.560117304,0.174084574,0.212871477,2020
Romania,Europe,6.123700142,1.120401621,0.79229486,0.534852326,0.000829569,0.068181619,2020
Kuwait,Africa,6.102099895,1.424833655,0.776468933,0.570261419,0.112814933,0.132751092,2020
Mauritius,Africa,6.101299763,1.07366395,0.763389409,0.590838134,0.084088229,0.186894551,2020
Kazakhstan,Asia,6.057899952,1.122594237,0.698788941,0.497432142,0.110463686,0.153713793,2020
Estonia,Europe,6.021800041,1.192441225,0.842615008,0.576664805,0.201766819,0.125136748,2020
Philippines,Asia,6.006000042,0.775120676,0.602189481,0.621915162,0.130385727,0.129260212,2020
Hungary,Europe,6.000400066,1.164307117,0.806793869,0.386401802,0.027548173,0.070491239,2020
Thailand,Asia,5.998799801,1.007029295,0.793855846,0.609449804,0.031837862,0.376709014,2020
Argentina,South America,5.974699974,1.028465629,0.849773705,0.520840347,0.060415059,0.070100471,2020
Honduras,South America,5.953199863,0.598763585,0.791989982,0.568148077,0.086807102,0.256528199,2020
Latvia,Europe,5.949999809,1.14139545,0.777902424,0.329198807,0.090391524,0.075407945,2020
Ecuador,South America,5.925199986,0.853383601,0.838837743,0.555234551,0.086753383,0.115006477,2020
Portugal,Europe,5.910900116,1.168800831,0.979315281,0.589895189,0.027733466,0.053036947,2020
Jamaica,South America,5.889800072,0.779058397,0.788434088,0.553124607,0.030147785,0.116268493,2020
South Korea,Asia,5.872399807,1.245300651,1.022542596,0.25935635,0.094596282,0.170303866,2020
Japan,Asia,5.870800018,1.26672411,1.072881341,0.495465875,0.181439638,0.03571178,2020
Peru,South America,5.796800137,0.91854918,0.824444175,0.513210058,0.02703266,0.091611817,2020
Serbia,Europe,5.77820015,0.988181829,0.828403294,0.395428419,0.059447147,0.15028289,2020
Bolivia,South America,5.747499943,0.730976343,0.662445664,0.5744645,0.072942637,0.138375074,2020
Pakistan,Asia,5.69329977,0.616799474,0.469933242,0.405421734,0.122592121,0.228705063,2020
Paraguay,South America,5.692100048,0.897990823,0.735869646,0.586510062,0.065077379,0.204299241,2020
Dominican Republic,South America,5.689199924,0.983191848,0.741901696,0.5628739,0.115945682,0.112196781,2020
Bosnia and Herzegovina,Europe,5.674099922,0.91839546,0.813928187,0.305365741,0.001172487,0.264005244,2020
Moldova,Europe,5.607500076,0.707916796,0.713299453,0.389571488,0.014378744,0.174049184,2020
Tajikistan,Asia,5.555699825,0.474874616,0.680594802,0.521141171,0.221779913,0.182417125,2020
Montenegro,Europe,5.54610014,1.010150075,0.839028895,0.303223848,0.098435111,0.14901033,2020
Russia,Europe,5.546000004,1.126999617,0.68044591,0.399499595,0.045699362,0.099041916,2020
Kyrgyzstan,Asia,5.541500092,0.513180971,0.680645883,0.614617765,0.030466691,0.30137074,2020
Belarus,Europe,5.539899826,1.018854499,0.75258857,0.290755868,0.193607435,0.08993306,2020
North Cyprus,Europe,5.53550005,1.21279943,1.026124597,0.477885723,0.199802905,0.199160054,2020
Greece,Europe,5.514999866,1.128070116,0.979431748,0.173516348,0.048844352,0.0,2020
Hong Kong,Asia,5.510399818,1.376746058,1.136630654,0.459356517,0.332485437,0.288280904,2020
Croatia,Europe,5.504700184,1.109024286,0.900575578,0.381456882,0.012325006,0.113998979,2020
Libya,Africa,5.488800049,1.021913767,0.615626633,0.451354057,0.172258079,0.142757699,2020
Mongolia,Asia,5.456200123,0.904872775,0.615788162,0.355703115,0.046533126,0.263885736,2020
Malaysia,Asia,5.384300232,1.168421626,0.788511872,0.596941531,0.062163133,0.274886161,2020
Vietnam,Asia,5.353499889,0.718092382,0.819133997,0.650835574,0.089848459,0.136488721,2020
Indonesia,Asia,5.285600185,0.891720712,0.610437036,0.568161428,0.038278613,0.542646527,2020
Ivory Coast,Africa,5.233300209,0.537094414,0.154942513,0.397122532,0.093495794,0.169915587,2020
Benin,Africa,5.21600008,0.366244704,0.328062952,0.40583989,0.125931874,0.196670428,2020
Maldives,Asia,5.197599888,0.937864304,0.914439559,0.548203647,0.071906492,0.224198252,2020
Congo (Brazzaville),Africa,5.194399834,0.633616745,0.458101124,0.386514395,0.118670784,0.117216013,2020
Azerbaijan,Europe,5.164800167,0.990272701,0.731134057,0.467734724,0.247307181,0.040113214,2020
Macedonia,Europe,5.159800053,0.935371995,0.802994132,0.410224587,0.024595059,0.18586354,2020
Ghana,Africa,5.147999763,0.575862467,0.432162255,0.477290064,0.056570381,0.261291206,2020
Nepal,Asia,5.137199879,0.444050372,0.66887939,0.480608255,0.127502963,0.300971806,2020
Turkey,Africa,5.131800175,1.127169251,0.781335294,0.25440076,0.120983243,0.085885569,2020
China,Asia,5.123899937,0.990533412,0.867248535,0.601605117,0.117255554,0.079021044,2020
Turkmenistan,Europe,5.119100094,1.008963585,0.612448037,0.515236676,0.03350389,0.323129326,2020
Bulgaria,Europe,5.101500034,1.046554685,0.777776897,0.417820066,0.0,0.103833713,2020
Morocco,Africa,5.094799995,0.75862211,0.745096922,0.450054139,0.077385604,0.040032551,2020
Cameroon,Africa,5.084899902,0.503958046,0.270189553,0.439242482,0.054393422,0.198020101,2020
Venezuela,South America,5.053199768,0.770238638,0.76702553,0.271717221,0.063624777,0.087179154,2020
Algeria,Africa,5.005099773,0.943856001,0.745418549,0.083943799,0.129190654,0.118915014,2020
Senegal,Africa,4.980800152,0.504061818,0.518391907,0.352400899,0.081865937,0.164397135,2020
Guinea,Africa,4.949299812,0.390007734,0.333655238,0.371878058,0.112204559,0.249490842,2020
Niger,Africa,4.909599781,0.108330332,0.298816353,0.435311615,0.137554765,0.208176896,2020
Laos,Asia,4.888599873,0.714693844,0.486378282,0.612027287,0.194273964,0.27266711,2020
Albania,Europe,4.882699966,0.906653047,0.846329629,0.461945891,0.025361285,0.171027765,2020
Cambodia,Asia,4.848400116,0.544634938,0.587904334,0.674940348,0.072837502,0.233342081,2020
Bangladesh,Asia,4.832799911,0.556156278,0.694940507,0.604130566,0.176735908,0.176745117,2020
Gabon,Africa,4.829299927,0.988044381,0.522574842,0.369459897,0.055804539,0.052013602,2020
South Africa,Africa,4.814099789,0.902140439,0.407034069,0.43478182,0.05950214,0.126406848,2020
Iraq,Africa,4.784800053,0.982018709,0.529350698,0.283588052,0.073164992,0.153002068,2020
Lebanon,Africa,4.771500111,0.889232516,0.788671136,0.18551667,0.021518147,0.158524141,2020
Burkina Faso,Africa,4.768700123,0.302467644,0.312833875,0.322398156,0.126408055,0.186390609,2020
Gambia,Africa,4.750599861,0.256990552,0.353247881,0.403419524,0.158093795,0.425989687,2020
Mali,Africa,4.729300022,0.352462649,0.234981522,0.377534449,0.062146276,0.16966705,2020
Nigeria,Africa,4.724100113,0.645901859,0.167835936,0.435079455,0.047589935,0.221328124,2020
Armenia,Asia,4.676799774,0.808262408,0.77585727,0.378075808,0.104618184,0.107225738,2020
Georgia,Asia,4.672599792,0.847198069,0.694657624,0.485494107,0.174088076,0.047609735,2020
Iran,Africa,4.672399998,1.029322505,0.749053836,0.301195472,0.142651513,0.27697894,2020
Jordan,Africa,4.633399963,0.785179198,0.777624726,0.424855083,0.151878625,0.091494769,2020
Mozambique,Africa,4.623600006,0.178741366,0.324223638,0.56077534,0.163064316,0.220422104,2020
Kenya,Africa,4.583000183,0.476413399,0.536312759,0.519180536,0.067201078,0.393902093,2020
Namibia,Africa,4.571100235,0.84008199,0.40687117,0.444598973,0.054320343,0.076454483,2020
Ukraine,Europe,4.56069994,0.780434608,0.698674381,0.319423705,0.00965116,0.178551316,2020
Liberia,Africa,4.557899952,0.174103007,0.392284274,0.405943096,0.051139876,0.226967871,2020
Palestine,Asia,4.552800179,0.587819219,0.613826573,0.29870075,0.071913652,0.091816261,2020
Uganda,Africa,4.43200016,0.312337428,0.378311664,0.401682556,0.063818842,0.264807373,2020
Chad,Africa,4.422699928,0.302287489,0.1087441,0.228601769,0.085755408,0.210805088,2020
Tunisia,Africa,4.392199993,0.874742687,0.781156719,0.235860556,0.043899573,0.055881143,2020
Mauritania,Africa,4.374599934,0.539684892,0.425184816,0.185714483,0.122257635,0.128899664,2020
Sri Lanka,Asia,4.327000141,0.897986948,0.792036712,0.528632462,0.049444564,0.252666146,2020
Congo (Kinshasa),Africa,4.31099987,0.062487468,0.277212054,0.36462298,0.081466645,0.254324883,2020
Swaziland,Africa,4.308100224,0.827539742,0.215585828,0.299935788,0.146765873,0.067264833,2020
Myanmar,Asia,4.308000088,0.67809093,0.495443076,0.597478867,0.187530354,0.569813728,2020
Comoros,Africa,4.288599968,0.415620774,0.437383324,0.181028232,0.100048535,0.258538276,2020
Togo,Africa,4.187200069,0.268116266,0.342731178,0.303539038,0.114826456,0.200774252,2020
Ethiopia,Africa,4.186200142,0.315125644,0.483846247,0.41256687,0.117437035,0.227698103,2020
Madagascar,Africa,4.165599823,0.244553208,0.500617027,0.192967549,0.076248638,0.191190064,2020
Egypt,Africa,4.151400089,0.875228941,0.596911311,0.373684734,0.095461793,0.068801254,2020
Sierra Leone,Africa,3.926399946,0.240560383,0.203953966,0.382027686,0.047940936,0.257647008,2020
Burundi,Africa,3.775300026,0.0,0.295212835,0.275399059,0.212186828,0.187401786,2020
Zambia,Africa,3.759399891,0.536833763,0.36359334,0.49131754,0.086705238,0.250620902,2020
Haiti,South America,3.720799923,0.284734428,0.37436673,0.169297516,0.161935672,0.463909656,2020
Lesotho,Africa,3.652800083,0.45493874,0.100934811,0.409367532,0.050483823,0.102627642,2020
India,Asia,3.573299885,0.730576158,0.54057014,0.581142247,0.105587982,0.237072483,2020
Malawi,Africa,3.538000107,0.176534727,0.446163297,0.487389833,0.131633952,0.213185057,2020
Yemen,Africa,3.527400017,0.392701775,0.41500017,0.243721485,0.087352127,0.094689012,2020
Botswana,Africa,3.478899956,0.997548997,0.494101733,0.50908941,0.101786368,0.033407487,2020
Tanzania,Africa,3.476200104,0.457163125,0.442677855,0.509343088,0.203880861,0.27154091,2020
Central African Republic,Africa,3.475899935,0.041072082,0.0,0.292814463,0.028264718,0.253513217,2020
Rwanda,Africa,3.312299967,0.343242675,0.572383285,0.604087889,0.485542476,0.235704988,2020
Zimbabwe,Africa,3.299200058,0.425564021,0.375037611,0.37740472,0.080928579,0.151349187,2020
South Sudan,Africa,2.816600084,0.289082974,0.208809033,0.065609254,0.111156799,0.209934607,2020
Afghanistan,Asia,2.566900015,0.30070585,0.266051531,0.0,0.001225785,0.135234714,2020
Finland,Europe,7.842,1.446,0.741,0.691,0.481,0.124,2021
Denmark,Europe,7.62,1.502,0.763,0.686,0.485,0.208,2021
Switzerland,Europe,7.571,1.566,0.816,0.653,0.413,0.204,2021
Iceland,Europe,7.554,1.482,0.772,0.698,0.17,0.293,2021
Netherlands,Europe,7.464,1.501,0.753,0.647,0.384,0.302,2021
Norway,Europe,7.392,1.543,0.782,0.703,0.427,0.249,2021
Sweden,Europe,7.363,1.478,0.763,0.685,0.448,0.244,2021
Luxembourg,Europe,7.324,1.751,0.76,0.639,0.353,0.166,2021
New Zealand,North America,7.277,1.4,0.785,0.665,0.445,0.276,2021
Austria,Europe,7.268,1.492,0.782,0.64,0.292,0.215,2021
Australia,Australia and New Zealand,7.183,1.453,0.801,0.647,0.317,0.291,2021
Israel,Africa,7.157,1.376,0.788,0.509,0.119,0.208,2021
Germany,Europe,7.155,1.48,0.757,0.6,0.306,0.195,2021
Canada,North America,7.103,1.447,0.798,0.648,0.335,0.246,2021
Ireland,Europe,7.085,1.644,0.753,0.606,0.367,0.238,2021
Costa Rica,South America,7.069,1.134,0.722,0.673,0.083,0.105,2021
United Kingdom,Europe,7.064,1.423,0.757,0.58,0.306,0.34,2021
Czech Republic,Europe,6.965,1.37,0.703,0.58,0.046,0.052,2021
United States,North America,6.951,1.533,0.621,0.554,0.154,0.252,2021
Belgium,Europe,6.834,1.463,0.747,0.489,0.187,0.088,2021
France,Europe,6.69,1.421,0.804,0.536,0.235,0.092,2021
Bahrain,Africa,6.647,1.409,0.662,0.661,0.139,0.246,2021
Malta,Europe,6.602,1.411,0.747,0.664,0.183,0.275,2021
Taiwan,Asia,6.584,1.48,0.665,0.49,0.139,0.142,2021
United Arab Emirates,Africa,6.561,1.555,0.594,0.67,0.223,0.236,2021
Saudi Arabia,Africa,6.494,1.435,0.571,0.603,0.163,0.09,2021
Spain,Europe,6.491,1.375,0.826,0.462,0.124,0.135,2021
Italy,Europe,6.483,1.393,0.798,0.379,0.047,0.133,2021
Slovenia,Europe,6.461,1.36,0.722,0.69,0.085,0.122,2021
Guatemala,South America,6.435,0.845,0.519,0.638,0.105,0.163,2021
Uruguay,South America,6.431,1.164,0.649,0.625,0.223,0.128,2021
Singapore,Asia,6.377,1.695,0.897,0.664,0.547,0.176,2021
Kosovo,Europe,6.372,0.937,0.483,0.593,0.014,0.356,2021
Slovakia,Europe,6.331,1.304,0.653,0.468,0.018,0.107,2021
Brazil,South America,6.33,1.028,0.571,0.514,0.117,0.142,2021
Mexico,South America,6.317,1.126,0.634,0.585,0.089,0.092,2021
Jamaica,South America,6.309,0.891,0.599,0.618,0.035,0.099,2021
Lithuania,Europe,6.255,1.35,0.612,0.476,0.073,0.056,2021
Cyprus,Europe,6.223,1.377,0.801,0.464,0.061,0.178,2021
Estonia,Europe,6.189,1.344,0.64,0.641,0.263,0.119,2021
Panama,South America,6.18,1.298,0.667,0.596,0.053,0.079,2021
Uzbekistan,Asia,6.179,0.769,0.528,0.716,0.271,0.391,2021
Chile,South America,6.172,1.2,0.678,0.438,0.07,0.159,2021
Poland,Europe,6.166,1.309,0.668,0.558,0.13,0.08,2021
Kazakhstan,Asia,6.152,1.23,0.527,0.573,0.132,0.143,2021
Romania,Europe,6.14,1.275,0.595,0.564,0.001,0.045,2021
Kuwait,Africa,6.106,1.461,0.58,0.591,0.13,0.12,2021
Serbia,Europe,6.078,1.101,0.634,0.482,0.066,0.189,2021
El Salvador,South America,6.061,0.845,0.565,0.615,0.16,0.116,2021
Mauritius,Africa,6.049,1.178,0.574,0.59,0.096,0.153,2021
Latvia,Europe,6.032,1.285,0.587,0.405,0.089,0.082,2021
Colombia,South America,6.012,1.021,0.615,0.554,0.063,0.1,2021
Hungary,Europe,5.992,1.301,0.615,0.454,0.04,0.067,2021
Thailand,Asia,5.985,1.107,0.596,0.611,0.028,0.375,2021
Nicaragua,South America,5.972,0.693,0.604,0.553,0.176,0.201,2021
Japan,Asia,5.94,1.389,0.838,0.504,0.192,0.02,2021
Argentina,South America,5.929,1.162,0.646,0.544,0.067,0.069,2021
Portugal,Europe,5.929,1.323,0.76,0.621,0.033,0.029,2021
Honduras,South America,5.919,0.703,0.593,0.578,0.083,0.241,2021
Croatia,Europe,5.882,1.251,0.703,0.453,0.0,0.111,2021
Philippines,Asia,5.88,0.853,0.426,0.651,0.126,0.125,2021
South Korea,Asia,5.845,1.403,0.801,0.353,0.135,0.134,2021
Peru,South America,5.84,0.986,0.623,0.536,0.031,0.087,2021
Bosnia and Herzegovina,Europe,5.813,1.032,0.618,0.395,0.005,0.261,2021
Moldova,Europe,5.766,0.985,0.542,0.536,0.013,0.137,2021
Ecuador,South America,5.764,0.935,0.64,0.56,0.062,0.107,2021
Kyrgyzstan,Asia,5.744,0.665,0.501,0.673,0.02,0.266,2021
Greece,Europe,5.723,1.273,0.76,0.243,0.074,0.0,2021
Bolivia,South America,5.716,0.842,0.486,0.6,0.064,0.138,2021
Mongolia,Asia,5.677,0.966,0.442,0.397,0.053,0.263,2021
Paraguay,South America,5.653,0.983,0.549,0.602,0.037,0.206,2021
Montenegro,Europe,5.581,1.155,0.637,0.397,0.081,0.166,2021
Dominican Republic,South America,5.545,1.106,0.555,0.581,0.144,0.101,2021
North Cyprus,Europe,5.536,1.377,0.801,0.503,0.2,0.196,2021
Belarus,Europe,5.534,1.124,0.56,0.326,0.199,0.07,2021
Russia,Europe,5.477,1.241,0.511,0.409,0.06,0.115,2021
Hong Kong,Asia,5.477,1.525,0.893,0.408,0.342,0.232,2021
Tajikistan,Asia,5.466,0.508,0.498,0.548,0.247,0.152,2021
Vietnam,Asia,5.411,0.817,0.616,0.679,0.091,0.124,2021
Libya,Africa,5.41,1.044,0.435,0.474,0.174,0.131,2021
Malaysia,Asia,5.384,1.259,0.587,0.624,0.064,0.27,2021
Indonesia,Asia,5.345,0.954,0.433,0.598,0.046,0.541,2021
Congo (Brazzaville),Africa,5.342,0.518,0.307,0.381,0.124,0.144,2021
China,Asia,5.339,1.061,0.665,0.636,0.117,0.093,2021
Ivory Coast,Africa,5.306,0.669,0.052,0.438,0.092,0.177,2021
Armenia,Asia,5.283,0.996,0.585,0.54,0.198,0.079,2021
Nepal,Asia,5.269,0.519,0.496,0.488,0.135,0.287,2021
Bulgaria,Europe,5.266,1.181,0.583,0.494,0.005,0.125,2021
Maldives,Asia,5.198,1.115,0.697,0.575,0.073,0.204,2021
Azerbaijan,Europe,5.171,1.025,0.541,0.526,0.276,0.043,2021
Cameroon,Africa,5.142,0.543,0.159,0.425,0.058,0.205,2021
Senegal,Africa,5.132,0.518,0.357,0.381,0.088,0.158,2021
Albania,Europe,5.117,1.008,0.646,0.491,0.024,0.168,2021
Macedonia,Europe,5.101,1.068,0.535,0.45,0.022,0.212,2021
Ghana,Africa,5.088,0.68,0.287,0.517,0.058,0.268,2021
Niger,Africa,5.074,0.162,0.167,0.516,0.157,0.2,2021
Turkmenistan,Europe,5.066,1.046,0.439,0.602,0.033,0.366,2021
Gambia,Africa,5.051,0.367,0.21,0.384,0.123,0.465,2021
Benin,Africa,5.045,0.507,0.196,0.457,0.178,0.166,2021
Laos,Asia,5.03,0.808,0.33,0.643,0.179,0.268,2021
Bangladesh,Asia,5.025,0.635,0.514,0.603,0.164,0.161,2021
Guinea,Africa,4.984,0.42,0.206,0.384,0.111,0.25,2021
South Africa,Africa,4.956,0.967,0.265,0.447,0.051,0.144,2021
Turkey,Africa,4.948,1.26,0.59,0.236,0.104,0.097,2021
Pakistan,Asia,4.934,0.637,0.322,0.418,0.097,0.252,2021
Morocco,Africa,4.918,0.792,0.558,0.477,0.088,0.034,2021
Venezuela,South America,4.892,0.852,0.574,0.284,0.072,0.078,2021
Georgia,Asia,4.891,1.03,0.498,0.488,0.181,0.032,2021
Algeria,Africa,4.887,0.946,0.552,0.119,0.12,0.144,2021
Ukraine,Europe,4.875,0.979,0.517,0.417,0.01,0.181,2021
Iraq,Africa,4.854,0.91,0.381,0.302,0.041,0.153,2021
Gabon,Africa,4.852,1.037,0.362,0.424,0.064,0.058,2021
Burkina Faso,Africa,4.834,0.364,0.179,0.381,0.122,0.182,2021
Cambodia,Asia,4.83,0.603,0.426,0.702,0.061,0.21,2021
Mozambique,Africa,4.794,0.183,0.196,0.608,0.163,0.228,2021
Nigeria,Africa,4.759,0.663,0.051,0.433,0.039,0.212,2021
Mali,Africa,4.723,0.387,0.11,0.384,0.072,0.164,2021
Iran,Africa,4.721,1.03,0.561,0.275,0.144,0.33,2021
Uganda,Africa,4.636,0.364,0.24,0.398,0.054,0.267,2021
Liberia,Africa,4.625,0.228,0.253,0.43,0.057,0.221,2021
Kenya,Africa,4.607,0.603,0.385,0.483,0.073,0.375,2021
Tunisia,Africa,4.596,0.919,0.59,0.334,0.044,0.057,2021
Lebanon,Africa,4.584,1.045,0.595,0.175,0.026,0.14,2021
Namibia,Africa,4.574,0.882,0.262,0.411,0.059,0.091,2021
Palestine,Asia,4.517,0.646,0.434,0.33,0.075,0.082,2021
Myanmar,Asia,4.426,0.666,0.341,0.601,0.178,0.52,2021
Jordan,Africa,4.395,0.89,0.583,0.455,0.15,0.079,2021
Chad,Africa,4.355,0.255,0.0,0.24,0.084,0.215,2021
Sri Lanka,Asia,4.325,0.99,0.593,0.559,0.049,0.239,2021
Swaziland,Africa,4.308,0.849,0.074,0.323,0.147,0.067,2021
Comoros,Africa,4.289,0.488,0.279,0.202,0.101,0.241,2021
Egypt,Africa,4.283,0.954,0.426,0.446,0.092,0.069,2021
Ethiopia,Africa,4.275,0.37,0.331,0.451,0.114,0.241,2021
Mauritania,Africa,4.227,0.666,0.273,0.218,0.133,0.119,2021
Madagascar,Africa,4.208,0.266,0.341,0.207,0.087,0.185,2021
Togo,Africa,4.107,0.254,0.203,0.289,0.107,0.209,2021
Zambia,Africa,4.073,0.528,0.231,0.487,0.074,0.227,2021
Sierra Leone,Africa,3.849,0.279,0.1,0.408,0.047,0.243,2021
India,Asia,3.819,0.741,0.383,0.622,0.106,0.246,2021
Burundi,Africa,3.775,0.0,0.155,0.298,0.212,0.172,2021
Yemen,Africa,3.658,0.329,0.272,0.268,0.089,0.092,2021
Tanzania,Africa,3.623,0.433,0.3,0.549,0.231,0.307,2021
Haiti,South America,3.615,0.294,0.227,0.257,0.139,0.463,2021
Malawi,Africa,3.6,0.113,0.298,0.484,0.134,0.213,2021
Lesotho,Africa,3.512,0.451,0.007,0.405,0.015,0.103,2021
Botswana,Africa,3.467,1.099,0.34,0.539,0.088,0.027,2021
Rwanda,Africa,3.415,0.364,0.407,0.627,0.493,0.227,2021
Zimbabwe,Africa,3.145,0.457,0.243,0.359,0.075,0.157,2021
Afghanistan,Asia,2.523,0.37,0.126,0.0,0.01,0.122,2021
Finland,Europe,7.821,1.39651,0.94143,0.66557,0.41978,0.29678,2022
Denmark,Europe,7.636,1.30232,0.94784,0.62877,0.14145,0.4363,2022
Iceland,Europe,7.557,1.32548,0.87464,0.64938,0.48357,0.34139,2022
Switzerland,Europe,7.512,1.459,0.88521,0.66973,0.36503,0.34699,2022
Netherlands,Europe,7.415,1.32629,0.90563,0.63297,0.32957,0.45811,2022
Luxembourg,Europe,7.404,1.29025,0.88911,0.64169,0.41372,0.23351,2022
Sweden,Europe,7.384,1.32944,0.89284,0.61576,0.31814,0.4761,2022
Norway,Europe,7.365,1.33171,0.91087,0.6598,0.43844,0.36262,2022
Israel,Africa,7.364,1.25018,0.90837,0.63938,0.42922,0.47501,2022
New Zealand,Australia and New Zealand,7.2,1.33358,0.93156,0.65124,0.35637,0.43562,2022
Austria,Europe,7.163,1.22857,0.91387,0.41319,0.07785,0.33172,2022
Australia,Australia and New Zealand,7.162,0.95578,0.86027,0.63376,0.10583,0.25497,2022
Ireland,Europe,7.041,1.33723,0.89042,0.62433,0.18676,0.33088,2022
Germany,Europe,7.034,1.02054,0.81444,0.48181,0.21312,0.14074,2022
Canada,North America,7.025,1.39451,0.86179,0.54604,0.1589,0.40105,2022
United States,North America,6.977,0.98124,0.69702,0.49049,0.17521,0.14574,2022
United Kingdom,Europe,6.943,1.56391,0.91894,0.61583,0.37798,0.28034,2022
Czechia,Europe,6.92,1.33596,0.89533,0.61777,0.28703,0.45901,2022
Belgium,Europe,6.805,1.30782,0.89667,0.5845,0.2254,0.2225,2022
France,Europe,6.687,1.42727,0.80925,0.64157,0.38583,0.26428,2022
Bahrain,Africa,6.647,1.26637,0.90943,0.59625,0.32067,0.51912,2022
Slovenia,Europe,6.63,1.36011,0.76276,0.63274,0.32524,0.21542,2022
Costa Rica,South America,6.582,1.04424,0.72052,0.42908,0.11069,0.05841,2022
United Arab Emirates,Africa,6.576,1.52186,1.02525,0.54252,0.4921,0.31105,2022
Saudi Arabia,Africa,6.523,1.06353,0.79661,0.5421,0.0927,0.24434,2022
Taiwan,Asia,6.512,1.32792,0.89186,0.61477,0.21843,0.28214,2022
Singapore,Asia,6.48,1.10715,0.85857,0.44132,0.12869,0.33363,2022
Romania,Europe,6.477,1.69042,0.79733,0.6404,0.52208,0.32573,2022
Spain,Europe,6.476,1.27778,0.94579,0.55011,0.20646,0.12332,2022
Uruguay,South America,6.474,1.05351,0.78723,0.44974,0.08484,0.11451,2022
Italy,Europe,6.467,1.17898,0.84483,0.46364,0.02652,0.10686,2022
Kosovo,Europe,6.455,1.06166,0.8116,0.60362,0.24558,0.2324,2022
Malta,Europe,6.447,0.91861,0.69077,0.53466,0.0512,0.18401,2022
Lithuania,Europe,6.446,0.9669,0.7385,0.55664,0.03187,0.5763,2022
Slovakia,Europe,6.391,1.39541,0.72025,0.31048,0.32524,0.13706,2022
Estonia,Europe,6.341,1.23011,0.95562,0.45951,0.06398,0.18227,2022
Panama,South America,6.309,1.2074,0.88721,0.60365,0.13586,0.51752,2022
Brazil,South America,6.293,1.29098,0.8753,0.3974,0.08129,0.25376,2022
Guatemala,South America,6.262,1.55422,0.72492,0.55499,0.25609,0.16228,2022
Kazakhstan,Asia,6.234,0.99534,0.6082,0.59657,0.13633,0.16991,2022
Cyprus,Europe,6.221,1.21183,0.61483,0.55884,0.0114,0.31844,2022
Latvia,Europe,6.18,0.76454,0.67737,0.4035,0.11776,0.10692,2022
Serbia,Europe,6.178,0.74553,0.64425,0.57733,0.09472,0.27489,2022
Chile,South America,6.172,0.63244,0.59772,0.65821,0.30826,0.22837,2022
Nicaragua,South America,6.165,1.16891,0.78902,0.31751,0.03431,0.16893,2022
Mexico,South America,6.128,1.27074,0.99111,0.49615,0.1806,0.10705,2022
Croatia,Europe,6.125,1.24461,0.96538,0.33208,0.07857,0.18557,2022
Poland,Europe,6.123,0.86402,0.79075,0.48574,0.1809,0.11541,2022
El Salvador,South America,6.12,1.32376,0.74716,0.45492,0.306,0.17362,2022
Kuwait,Africa,6.106,1.25114,0.95446,0.26236,0.02901,0.22823,2022
Hungary,Europe,6.086,0.68133,0.5392,0.57414,0.088,0.20536,2022
Mauritius,Africa,6.071,0.59448,0.61826,0.32818,0.01615,0.20951,2022
Uzbekistan,Asia,6.063,0.75985,0.66098,0.53899,0.08242,0.3424,2022
Japan,Asia,6.039,1.12254,0.64368,0.51649,0.08454,0.11827,2022
Honduras,South America,6.022,1.18498,0.87337,0.60855,0.03787,0.25328,2022
Portugal,Europe,6.016,1.14723,0.73128,0.21342,0.01031,0.02641,2022
Argentina,South America,5.967,0.59325,0.74314,0.55475,0.19317,0.27815,2022
Greece,Europe,5.948,0.90019,0.73017,0.41496,0.05989,0.14982,2022
South Korea,Asia,5.935,1.03192,0.73608,0.37938,0.1909,0.11046,2022
Philippines,Asia,5.904,1.12555,0.77903,0.53122,0.04212,0.16759,2022
Thailand,Asia,5.891,1.12486,0.72394,0.53024,0.10501,0.33075,2022
Moldova,Europe,5.857,1.08254,0.78805,0.25883,0.0243,0.05444,2022
Jamaica,South America,5.85,1.13145,0.7038,0.41668,0.11023,0.18295,2022
Kyrgyzstan,Asia,5.828,1.13764,0.66926,0.36679,0.03005,0.00199,2022
Belarus,Europe,5.821,0.81038,0.68741,0.50442,0.02299,0.2123,2022
Colombia,South America,5.781,1.20806,0.92356,0.49027,0.1428,0.26169,2022
Bosnia and Herzegovina,Europe,5.768,1.20813,0.92356,0.40672,0.06146,0.30638,2022
Mongolia,Asia,5.761,0.93929,0.61766,0.28579,0.17383,0.07822,2022
Dominican Republic,South America,5.737,0.80148,0.63132,0.24749,0.04741,0.2831,2022
Malaysia,Asia,5.711,0.95847,0.53886,0.4761,0.30844,0.16979,2022
Bolivia,South America,5.6,1.00761,0.7095,0.56066,0.07521,0.37744,2022
China,Asia,5.585,1.38604,1.01328,0.59608,0.37124,0.39478,2022
Paraguay,South America,5.578,1.15174,0.77361,0.44888,0.15184,0.0868,2022
Peru,South America,5.559,0.82827,0.63793,0.46611,0.0,0.51535,2022
Montenegro,Europe,5.547,0.63216,0.74676,0.59444,0.10441,0.1686,2022
Ecuador,South America,5.533,1.06098,0.73172,0.22815,0.15746,0.12253,2022
Vietnam,Asia,5.485,0.47428,0.65088,0.43477,0.04232,0.3003,2022
Turkmenistan,Europe,5.474,0.65435,0.16007,0.34334,0.0403,0.27233,2022
North Cyprus,Europe,5.467,0.77042,0.57407,0.53206,0.15445,0.47998,2022
Russia,Europe,5.459,1.02389,0.64045,0.3703,0.16065,0.07799,2022
Hong Kong,Asia,5.425,0.59543,0.51466,0.12102,0.10464,0.33671,2022
Armenia,Asia,5.399,0.90198,0.69639,0.40661,0.14293,0.11053,2022
Tajikistan,Asia,5.377,0.97438,0.72521,0.1826,0.14296,0.1614,2022
Nepal,Asia,5.377,0.89012,0.81658,0.51697,0.02781,0.08185,2022
Bulgaria,Europe,5.371,0.47038,0.29924,0.48827,0.12468,0.19591,2022
Libya,Africa,5.33,1.04345,0.7689,0.35068,0.00649,0.13748,2022
Indonesia,Asia,5.24,0.92053,0.74836,0.20107,0.02617,0.19231,2022
Ivory Coast,Africa,5.235,1.15991,0.87519,0.51469,0.01078,0.13719,2022
Macedonia,Europe,5.199,1.11312,0.72437,0.29671,0.06332,0.18226,2022
Albania,Europe,5.199,0.70532,0.58114,0.62545,0.12279,0.24991,2022
South Africa,Africa,5.194,0.18847,0.43873,0.46582,0.39928,0.50318,2022
Azerbaijan,Europe,5.173,0.73479,0.60954,0.41691,0.08546,0.07172,2022
Gambia,Africa,5.164,0.91851,0.73545,0.33457,0.05327,0.22359,2022
Bangladesh,Asia,5.155,0.08308,0.09131,0.34037,0.15603,0.22269,2022
Laos,Asia,5.14,0.87867,0.81325,0.35733,0.06413,0.14272,2022
Algeria,Africa,5.122,0.83223,0.79081,0.09245,0.00227,0.24808,2022
Liberia,Africa,5.122,0.37545,0.07612,0.31767,0.12504,0.16388,2022
Ukraine,Europe,5.084,0.89537,0.66825,0.57672,0.14234,0.21684,2022
Congo (Brazzaville),Africa,5.075,0.59066,0.54909,0.59591,0.24249,0.42192,2022
Morocco,Africa,5.06,0.82819,0.60268,0.43626,0.02666,0.3323,2022
Mozambique,Africa,5.048,0.71206,0.07566,0.30658,0.0306,0.18259,2022
Cameroon,Africa,5.048,1.15406,0.88213,0.07699,0.01397,0.0,2022
Senegal,Africa,5.046,1.02564,0.83947,0.33916,0.04582,0.21854,2022
Niger,Africa,5.003,1.12094,0.75905,0.32112,0.02758,0.128,2022
Georgia,Asia,4.973,0.59532,0.6951,0.40148,0.06825,0.23027,2022
Gabon,Africa,4.958,0.39047,0.57379,0.47216,0.15072,0.22974,2022
Iraq,Africa,4.941,0.88113,0.73793,0.26268,0.06358,0.06431,2022
Venezuela,South America,4.925,0.59867,0.66015,0.24499,0.12905,0.11251,2022
Guinea,Africa,4.891,0.39753,0.60164,0.4082,0.12569,0.21222,2022
Iran,Africa,4.888,1.0088,0.69805,0.30033,0.05863,0.38086,2022
Ghana,Africa,4.872,0.79907,0.6739,0.25123,0.02961,0.15275,2022
Turkey,Africa,4.744,0.98549,0.60237,0.0,0.13788,0.17922,2022
Burkina Faso,Africa,4.67,0.92049,0.27688,0.33207,0.08884,0.11973,2022
Cambodia,Asia,4.64,0.54558,0.40132,0.42342,0.04355,0.23087,2022
Benin,Africa,4.623,0.271,0.33475,0.25861,0.08079,0.18987,2022
Comoros,Africa,4.609,0.0712,0.34201,0.28531,0.06232,0.24362,2022
Uganda,Africa,4.603,0.64499,0.51529,0.39786,0.08492,0.26475,2022
Nigeria,Africa,4.552,0.52107,0.36878,0.10081,0.1466,0.19062,2022
Kenya,Africa,4.543,0.26673,0.38847,0.24425,0.17175,0.46187,2022
Tunisia,Africa,4.516,0.0,0.09806,0.22605,0.07625,0.24834,2022
Pakistan,Asia,4.516,0.35997,0.56874,0.38282,0.05907,0.32296,2022
Palestine,Asia,4.483,0.19073,0.44055,0.4345,0.15048,0.24325,2022
Mali,Africa,4.479,0.33024,0.0,0.4084,0.08786,0.21488,2022
Namibia,Africa,4.459,0.45407,0.35874,0.24232,0.17461,0.219,2022
Kingdom of Eswatini,Africa,4.396,0.36471,0.41435,0.42215,0.05839,0.37542,2022
Myanmar,Asia,4.394,0.44025,0.36291,0.46074,0.28105,0.18093,2022
Sri Lanka,Asia,4.362,0.76821,0.7299,0.19847,0.039,0.07855,2022
Madagascar,Africa,4.339,0.99355,0.04776,0.49495,0.12474,0.10461,2022
Egypt,Africa,4.288,0.27108,0.48246,0.44017,0.19034,0.79588,2022
Chad,Africa,4.251,0.7419,0.72926,0.40577,0.38331,0.05547,2022
Ethiopia,Africa,4.241,0.01604,0.22562,0.43054,0.06977,0.33128,2022
Yemen,Africa,4.197,0.83524,0.70806,0.53726,0.09179,0.40828,2022
Mauritania,Africa,4.153,0.4225,0.23402,0.49309,0.05786,0.20618,2022
Jordan,Africa,4.152,1.01216,0.76649,0.30587,0.00872,0.11921,2022
Togo,Africa,4.112,0.8818,0.61712,0.17288,0.06324,0.11291,2022
India,Asia,3.777,0.54649,0.40064,0.35571,0.07854,0.09131,2022
Zambia,Africa,3.76,0.75778,0.16683,0.10384,0.07122,0.12344,2022
Malawi,Africa,3.75,0.26074,0.20583,0.38857,0.12352,0.18798,2022
Tanzania,Africa,3.702,0.67866,0.31051,0.41466,0.11686,0.12388,2022
Sierra Leone,Africa,3.574,0.23906,0.36315,0.22917,0.199,0.17441,2022
Lesotho,Africa,3.512,0.21102,0.33861,0.45727,0.07267,0.29066,2022
Botswana,Africa,3.471,0.36498,0.4354,0.36772,0.10713,0.20843,2022
Rwanda,Africa,3.268,1.06024,0.43372,0.31914,0.11091,0.06822,2022
Zimbabwe,Africa,2.995,0.0694,0.29707,0.47692,0.15639,0.19387,2022
Lebanon,Africa,2.955,0.46038,0.61114,0.66246,0.07247,0.40359,2022
Afghanistan,Asia,2.404,0.2852,0.38215,0.32878,0.05747,0.34377,2022
Finland,Europe,7.804,1.888,0.535,0.772,0.535,0.126,2023
Denmark,Europe,7.586,1.949,0.537,0.734,0.525,0.208,2023
Iceland,Europe,7.53,1.926,0.559,0.738,0.187,0.25,2023
Israel,Africa,7.473,1.833,0.577,0.569,0.158,0.124,2023
Netherlands,Europe,7.403,1.942,0.545,0.672,0.394,0.251,2023
Sweden,Europe,7.395,1.921,0.562,0.754,0.52,0.225,2023
Norway,Europe,7.315,1.994,0.544,0.752,0.463,0.212,2023
Switzerland,Europe,7.24,2.022,0.582,0.678,0.475,0.151,2023
Luxembourg,Europe,7.228,2.2,0.549,0.71,0.418,0.149,2023
New Zealand,Australia and New Zealand,7.123,1.842,0.513,0.672,0.471,0.23,2023
Austria,Europe,7.097,1.927,0.535,0.63,0.31,0.191,2023
Australia,Australia and New Zealand,7.095,1.899,0.532,0.677,0.31,0.242,2023
Canada,North America,6.961,1.881,0.541,0.656,0.364,0.218,2023
Ireland,Europe,6.911,2.152,0.539,0.656,0.409,0.186,2023
United States,North America,6.894,1.98,0.39,0.557,0.172,0.21,2023
Germany,Europe,6.892,1.919,0.539,0.618,0.365,0.153,2023
Belgium,Europe,6.859,1.907,0.528,0.59,0.273,0.137,2023
Czechia,Europe,6.845,1.823,0.477,0.693,0.05,0.158,2023
United Kingdom,Europe,6.796,1.857,0.511,0.626,0.34,0.272,2023
Lithuania,Europe,6.763,1.808,0.432,0.487,0.089,0.059,2023
France,Europe,6.661,1.856,0.566,0.582,0.27,0.083,2023
Slovenia,Europe,6.65,1.815,0.532,0.707,0.113,0.144,2023
Costa Rica,South America,6.609,1.587,0.503,0.683,0.116,0.099,2023
Romania,Europe,6.589,1.726,0.423,0.631,0.0,0.044,2023
Singapore,Asia,6.587,2.168,0.607,0.66,0.561,0.17,2023
United Arab Emirates,Africa,6.571,2.015,0.401,0.745,0.247,0.188,2023
Taiwan,Asia,6.535,1.89,0.492,0.562,0.178,0.067,2023
Uruguay,South America,6.494,1.617,0.435,0.683,0.254,0.102,2023
Slovakia,Europe,6.469,1.731,0.472,0.494,0.022,0.128,2023
Saudi Arabia,Africa,6.463,1.861,0.351,0.682,0.17,0.093,2023
Estonia,Europe,6.455,1.798,0.494,0.728,0.372,0.153,2023
Spain,Europe,6.436,1.798,0.567,0.533,0.157,0.101,2023
Italy,Europe,6.405,1.832,0.559,0.438,0.063,0.097,2023
Kosovo,Europe,6.368,1.374,0.372,0.639,0.045,0.275,2023
Chile,South America,6.334,1.645,0.511,0.546,0.076,0.131,2023
Mexico,South America,6.33,1.55,0.389,0.632,0.115,0.086,2023
Malta,Europe,6.3,1.841,0.547,0.671,0.143,0.2,2023
Panama,South America,6.265,1.714,0.475,0.63,0.036,0.065,2023
Poland,Europe,6.26,1.767,0.477,0.511,0.139,0.12,2023
Nicaragua,South America,6.259,1.109,0.385,0.66,0.218,0.148,2023
Latvia,Europe,6.213,1.737,0.405,0.58,0.071,0.107,2023
Bahrain,Africa,6.173,1.883,0.389,0.748,0.138,0.199,2023
Guatemala,South America,6.15,1.287,0.31,0.631,0.066,0.106,2023
Kazakhstan,Asia,6.144,1.664,0.389,0.628,0.149,0.136,2023
Serbia,Europe,6.144,1.552,0.424,0.617,0.081,0.246,2023
Cyprus,Europe,6.13,1.824,0.58,0.455,0.05,0.104,2023
Japan,Asia,6.129,1.825,0.622,0.556,0.207,0.009,2023
Croatia,Europe,6.125,1.727,0.475,0.5,0.003,0.087,2023
Brazil,South America,6.125,1.454,0.387,0.558,0.137,0.131,2023
El Salvador,South America,6.122,1.278,0.383,0.713,0.222,0.079,2023
Hungary,Europe,6.041,1.754,0.435,0.501,0.065,0.105,2023
Argentina,South America,6.024,1.59,0.427,0.587,0.082,0.088,2023
Honduras,South America,6.023,1.115,0.341,0.613,0.062,0.189,2023
Uzbekistan,Asia,6.014,1.227,0.375,0.74,0.208,0.26,2023
Malaysia,Asia,6.012,1.665,0.385,0.659,0.122,0.222,2023
Portugal,Europe,5.968,1.758,0.537,0.693,0.037,0.031,2023
South Korea,Asia,5.951,1.853,0.603,0.446,0.163,0.112,2023
Greece,Europe,5.931,1.708,0.535,0.248,0.097,0.008,2023
Mauritius,Africa,5.902,1.589,0.336,0.574,0.11,0.121,2023
Thailand,Asia,5.843,1.515,0.461,0.624,0.013,0.291,2023
Mongolia,Asia,5.84,1.379,0.244,0.425,0.058,0.239,2023
Kyrgyzstan,Asia,5.825,1.061,0.417,0.735,0.018,0.234,2023
Moldova,Europe,5.819,1.425,0.375,0.61,0.02,0.093,2023
China,Asia,5.818,1.51,0.468,0.666,0.145,0.115,2023
Vietnam,Asia,5.763,1.349,0.381,0.741,0.122,0.134,2023
Paraguay,South America,5.738,1.428,0.392,0.678,0.062,0.148,2023
Montenegro,Europe,5.722,1.537,0.424,0.563,0.061,0.17,2023
Jamaica,South America,5.703,1.305,0.411,0.587,0.039,0.079,2023
Bolivia,South America,5.684,1.24,0.329,0.648,0.06,0.103,2023
Russia,Europe,5.661,1.68,0.366,0.449,0.091,0.12,2023
Bosnia and Herzegovina,Europe,5.633,1.467,0.429,0.485,0.008,0.247,2023
Colombia,South America,5.63,1.455,0.486,0.562,0.068,0.08,2023
Dominican Republic,South America,5.569,1.536,0.351,0.623,0.195,0.083,2023
Ecuador,South America,5.559,1.343,0.476,0.56,0.069,0.079,2023
Peru,South America,5.526,1.39,0.499,0.549,0.027,0.073,2023
Philippines,Asia,5.523,1.238,0.286,0.714,0.141,0.104,2023
Bulgaria,Europe,5.466,1.635,0.408,0.557,0.013,0.106,2023
Nepal,Asia,5.36,0.979,0.281,0.567,0.104,0.215,2023
Armenia,Asia,5.342,1.466,0.443,0.551,0.16,0.053,2023
Tajikistan,Asia,5.33,0.972,0.291,0.599,0.292,0.104,2023
Algeria,Africa,5.329,1.353,0.409,0.252,0.152,0.073,2023
Hong Kong,Asia,5.308,1.951,0.702,0.407,0.39,0.123,2023
Albania,Europe,5.277,1.449,0.48,0.549,0.037,0.133,2023
Indonesia,Asia,5.277,1.384,0.314,0.663,0.038,0.422,2023
South Africa,Africa,5.275,1.417,0.149,0.464,0.019,0.09,2023
Congo (Brazzaville),Africa,5.267,0.921,0.145,0.464,0.136,0.134,2023
Macedonia,Europe,5.254,1.498,0.408,0.515,0.02,0.207,2023
Venezuela,South America,5.211,0.0,0.341,0.369,0.084,0.205,2023
Laos,Asia,5.111,1.232,0.257,0.715,0.162,0.185,2023
Georgia,Asia,5.109,1.477,0.366,0.539,0.201,0.0,2023
Guinea,Africa,5.072,0.844,0.072,0.369,0.102,0.204,2023
Ukraine,Europe,5.071,1.358,0.355,0.551,0.016,0.265,2023
Ivory Coast,Africa,5.053,1.094,0.12,0.467,0.131,0.138,2023
Gabon,Africa,5.035,1.438,0.183,0.346,0.102,0.036,2023
Nigeria,Africa,4.981,1.065,0.092,0.448,0.013,0.176,2023
Cameroon,Africa,4.973,0.965,0.118,0.405,0.059,0.144,2023
Mozambique,Africa,4.954,0.57,0.0,0.625,0.192,0.161,2023
Iraq,Africa,4.941,1.281,0.324,0.351,0.038,0.134,2023
Morocco,Africa,4.903,1.236,0.337,0.54,0.085,0.013,2023
Iran,Africa,4.876,1.465,0.411,0.281,0.13,0.229,2023
Senegal,Africa,4.855,0.943,0.231,0.519,0.06,0.142,2023
Mauritania,Africa,4.724,1.099,0.244,0.32,0.195,0.13,2023
Burkina Faso,Africa,4.638,0.768,0.107,0.419,0.113,0.188,2023
Namibia,Africa,4.631,1.289,0.145,0.383,0.071,0.069,2023
Turkiye,Europe,4.614,1.714,0.467,0.125,0.096,0.095,2023
Ghana,Africa,4.605,1.101,0.197,0.526,0.035,0.211,2023
Pakistan,Asia,4.555,1.081,0.158,0.511,0.102,0.141,2023
Niger,Africa,4.501,0.561,0.137,0.54,0.14,0.154,2023
Tunisia,Africa,4.497,1.333,0.422,0.259,0.016,0.022,2023
Kenya,Africa,4.487,1.051,0.19,0.418,0.055,0.291,2023
Sri Lanka,Asia,4.442,1.422,0.426,0.539,0.086,0.12,2023
Uganda,Africa,4.432,0.785,0.201,0.425,0.051,0.197,2023
Chad,Africa,4.397,0.622,0.043,0.393,0.088,0.255,2023
Cambodia,Asia,4.393,1.025,0.283,0.768,0.051,0.176,2023
Benin,Africa,4.374,0.924,0.124,0.481,0.253,0.114,2023
Myanmar,Asia,4.372,1.032,0.269,0.46,0.194,0.4,2023
Bangladesh,Asia,4.282,1.133,0.355,0.617,0.165,0.139,2023
Gambia,Africa,4.279,0.761,0.174,0.286,0.033,0.332,2023
Mali,Africa,4.198,0.763,0.106,0.441,0.059,0.121,2023
Egypt,Africa,4.17,1.377,0.326,0.467,0.25,0.038,2023
Togo,Africa,4.137,0.77,0.161,0.367,0.136,0.149,2023
Jordan,Africa,4.12,1.292,0.438,0.517,0.173,0.056,2023
Ethiopia,Africa,4.091,0.793,0.25,0.451,0.101,0.283,2023
Liberia,Africa,4.042,0.628,0.141,0.471,0.071,0.219,2023
India,Asia,4.036,1.159,0.252,0.685,0.111,0.175,2023
Madagascar,Africa,4.019,0.632,0.178,0.187,0.134,0.177,2023
Zambia,Africa,3.982,0.914,0.095,0.545,0.08,0.189,2023
Tanzania,Africa,3.694,0.836,0.214,0.607,0.269,0.234,2023
Comoros,Africa,3.545,0.914,0.215,0.117,0.145,0.129,2023
Malawi,Africa,3.495,0.637,0.189,0.49,0.129,0.139,2023
Botswana,Africa,3.435,1.471,0.087,0.48,0.071,0.021,2023
Congo (Kinshasa),Africa,3.207,0.531,0.105,0.375,0.068,0.183,2023
Zimbabwe,Africa,3.204,0.758,0.069,0.363,0.117,0.112,2023
Sierra Leone,Africa,3.138,0.67,0.092,0.371,0.051,0.193,2023
Lebanon,Africa,2.392,1.417,0.398,0.123,0.027,0.061,2023
Afghanistan,Asia,1.859,0.645,0.087,0.0,0.059,0.093,2023
